image_path,label_id,raw_label,domain,dataset_id,split
ED4/1/0.png,0,1,hospital,ED4,test
ED4/1/1.png,0,1,hospital,ED4,test
ED4/1/10.png,0,1,hospital,ED4,test
ED4/1/100.png,0,1,hospital,ED4,test
ED4/1/101.png,0,1,hospital,ED4,test
ED4/1/102.png,0,1,hospital,ED4,test
ED4/1/103.png,0,1,hospital,ED4,test
ED4/1/104.png,0,1,hospital,ED4,test
ED4/1/105.png,0,1,hospital,ED4,test
ED4/1/106.png,0,1,hospital,ED4,test
ED4/1/107.png,0,1,hospital,ED4,test
ED4/1/108.png,0,1,hospital,ED4,test
ED4/1/109.png,0,1,hospital,ED4,test
ED4/1/11.png,0,1,hospital,ED4,test
ED4/1/110.png,0,1,hospital,ED4,test
ED4/1/111.png,0,1,hospital,ED4,test
ED4/1/112.png,0,1,hospital,ED4,test
ED4/1/113.png,0,1,hospital,ED4,test
ED4/1/114.png,0,1,hospital,ED4,test
ED4/1/115.png,0,1,hospital,ED4,test
ED4/1/116.png,0,1,hospital,ED4,test
ED4/1/117.png,0,1,hospital,ED4,test
ED4/1/118.png,0,1,hospital,ED4,test
ED4/1/119.png,0,1,hospital,ED4,test
ED4/1/12.png,0,1,hospital,ED4,test
ED4/1/120.png,0,1,hospital,ED4,test
ED4/1/121.png,0,1,hospital,ED4,test
ED4/1/122.png,0,1,hospital,ED4,test
ED4/1/123.png,0,1,hospital,ED4,test
ED4/1/124.png,0,1,hospital,ED4,test
ED4/1/125.png,0,1,hospital,ED4,test
ED4/1/126.png,0,1,hospital,ED4,test
ED4/1/127.png,0,1,hospital,ED4,test
ED4/1/128.png,0,1,hospital,ED4,test
ED4/1/129.png,0,1,hospital,ED4,test
ED4/1/13.png,0,1,hospital,ED4,test
ED4/1/130.png,0,1,hospital,ED4,test
ED4/1/131.png,0,1,hospital,ED4,test
ED4/1/132.png,0,1,hospital,ED4,test
ED4/1/133.png,0,1,hospital,ED4,test
ED4/1/134.png,0,1,hospital,ED4,test
ED4/1/135.png,0,1,hospital,ED4,test
ED4/1/136.png,0,1,hospital,ED4,test
ED4/1/137.png,0,1,hospital,ED4,test
ED4/1/138.png,0,1,hospital,ED4,test
ED4/1/139.png,0,1,hospital,ED4,test
ED4/1/14.png,0,1,hospital,ED4,test
ED4/1/140.png,0,1,hospital,ED4,test
ED4/1/141.png,0,1,hospital,ED4,test
ED4/1/142.png,0,1,hospital,ED4,test
ED4/1/143.png,0,1,hospital,ED4,test
ED4/1/144.png,0,1,hospital,ED4,test
ED4/1/145.png,0,1,hospital,ED4,test
ED4/1/146.png,0,1,hospital,ED4,test
ED4/1/147.png,0,1,hospital,ED4,test
ED4/1/148.png,0,1,hospital,ED4,test
ED4/1/149.png,0,1,hospital,ED4,test
ED4/1/15.png,0,1,hospital,ED4,test
ED4/1/150.png,0,1,hospital,ED4,test
ED4/1/151.png,0,1,hospital,ED4,test
ED4/1/152.png,0,1,hospital,ED4,test
ED4/1/153.png,0,1,hospital,ED4,test
ED4/1/154.png,0,1,hospital,ED4,test
ED4/1/155.png,0,1,hospital,ED4,test
ED4/1/156.png,0,1,hospital,ED4,test
ED4/1/157.png,0,1,hospital,ED4,test
ED4/1/158.png,0,1,hospital,ED4,test
ED4/1/159.png,0,1,hospital,ED4,test
ED4/1/16.png,0,1,hospital,ED4,test
ED4/1/160.png,0,1,hospital,ED4,test
ED4/1/161.png,0,1,hospital,ED4,test
ED4/1/162.png,0,1,hospital,ED4,test
ED4/1/163.png,0,1,hospital,ED4,test
ED4/1/164.png,0,1,hospital,ED4,test
ED4/1/165.png,0,1,hospital,ED4,test
ED4/1/166.png,0,1,hospital,ED4,test
ED4/1/167.png,0,1,hospital,ED4,test
ED4/1/168.png,0,1,hospital,ED4,test
ED4/1/169.png,0,1,hospital,ED4,test
ED4/1/17.png,0,1,hospital,ED4,test
ED4/1/170.png,0,1,hospital,ED4,test
ED4/1/171.png,0,1,hospital,ED4,test
ED4/1/172.png,0,1,hospital,ED4,test
ED4/1/173.png,0,1,hospital,ED4,test
ED4/1/174.png,0,1,hospital,ED4,test
ED4/1/175.png,0,1,hospital,ED4,test
ED4/1/176.png,0,1,hospital,ED4,test
ED4/1/177.png,0,1,hospital,ED4,test
ED4/1/178.png,0,1,hospital,ED4,test
ED4/1/179.png,0,1,hospital,ED4,test
ED4/1/18.png,0,1,hospital,ED4,test
ED4/1/180.png,0,1,hospital,ED4,test
ED4/1/181.png,0,1,hospital,ED4,test
ED4/1/182.png,0,1,hospital,ED4,test
ED4/1/183.png,0,1,hospital,ED4,test
ED4/1/184.png,0,1,hospital,ED4,test
ED4/1/185.png,0,1,hospital,ED4,test
ED4/1/186.png,0,1,hospital,ED4,test
ED4/1/187.png,0,1,hospital,ED4,test
ED4/1/188.png,0,1,hospital,ED4,test
ED4/1/189.png,0,1,hospital,ED4,test
ED4/1/19.png,0,1,hospital,ED4,test
ED4/1/190.png,0,1,hospital,ED4,test
ED4/1/191.png,0,1,hospital,ED4,test
ED4/1/192.png,0,1,hospital,ED4,test
ED4/1/193.png,0,1,hospital,ED4,test
ED4/1/194.png,0,1,hospital,ED4,test
ED4/1/195.png,0,1,hospital,ED4,test
ED4/1/196.png,0,1,hospital,ED4,test
ED4/1/197.png,0,1,hospital,ED4,test
ED4/1/198.png,0,1,hospital,ED4,test
ED4/1/199.png,0,1,hospital,ED4,test
ED4/1/2.png,0,1,hospital,ED4,test
ED4/1/20.png,0,1,hospital,ED4,test
ED4/1/200.png,0,1,hospital,ED4,test
ED4/1/201.png,0,1,hospital,ED4,test
ED4/1/202.png,0,1,hospital,ED4,test
ED4/1/203.png,0,1,hospital,ED4,test
ED4/1/204.png,0,1,hospital,ED4,test
ED4/1/205.png,0,1,hospital,ED4,test
ED4/1/206.png,0,1,hospital,ED4,test
ED4/1/207.png,0,1,hospital,ED4,test
ED4/1/208.png,0,1,hospital,ED4,test
ED4/1/209.png,0,1,hospital,ED4,test
ED4/1/21.png,0,1,hospital,ED4,test
ED4/1/210.png,0,1,hospital,ED4,test
ED4/1/211.png,0,1,hospital,ED4,test
ED4/1/212.png,0,1,hospital,ED4,test
ED4/1/213.png,0,1,hospital,ED4,test
ED4/1/214.png,0,1,hospital,ED4,test
ED4/1/215.png,0,1,hospital,ED4,test
ED4/1/216.png,0,1,hospital,ED4,test
ED4/1/217.png,0,1,hospital,ED4,test
ED4/1/218.png,0,1,hospital,ED4,test
ED4/1/219.png,0,1,hospital,ED4,test
ED4/1/22.png,0,1,hospital,ED4,test
ED4/1/220.png,0,1,hospital,ED4,test
ED4/1/221.png,0,1,hospital,ED4,test
ED4/1/222.png,0,1,hospital,ED4,test
ED4/1/223.png,0,1,hospital,ED4,test
ED4/1/224.png,0,1,hospital,ED4,test
ED4/1/225.png,0,1,hospital,ED4,test
ED4/1/226.png,0,1,hospital,ED4,test
ED4/1/227.png,0,1,hospital,ED4,test
ED4/1/228.png,0,1,hospital,ED4,test
ED4/1/229.png,0,1,hospital,ED4,test
ED4/1/23.png,0,1,hospital,ED4,test
ED4/1/230.png,0,1,hospital,ED4,test
ED4/1/231.png,0,1,hospital,ED4,test
ED4/1/232.png,0,1,hospital,ED4,test
ED4/1/233.png,0,1,hospital,ED4,test
ED4/1/234.png,0,1,hospital,ED4,test
ED4/1/235.png,0,1,hospital,ED4,test
ED4/1/236.png,0,1,hospital,ED4,test
ED4/1/237.png,0,1,hospital,ED4,test
ED4/1/238.png,0,1,hospital,ED4,test
ED4/1/239.png,0,1,hospital,ED4,test
ED4/1/24.png,0,1,hospital,ED4,test
ED4/1/240.png,0,1,hospital,ED4,test
ED4/1/241.png,0,1,hospital,ED4,test
ED4/1/242.png,0,1,hospital,ED4,test
ED4/1/243.png,0,1,hospital,ED4,test
ED4/1/244.png,0,1,hospital,ED4,test
ED4/1/245.png,0,1,hospital,ED4,test
ED4/1/246.png,0,1,hospital,ED4,test
ED4/1/247.png,0,1,hospital,ED4,test
ED4/1/248.png,0,1,hospital,ED4,test
ED4/1/249.png,0,1,hospital,ED4,test
ED4/1/25.png,0,1,hospital,ED4,test
ED4/1/250.png,0,1,hospital,ED4,test
ED4/1/251.png,0,1,hospital,ED4,test
ED4/1/252.png,0,1,hospital,ED4,test
ED4/1/253.png,0,1,hospital,ED4,test
ED4/1/254.png,0,1,hospital,ED4,test
ED4/1/255.png,0,1,hospital,ED4,test
ED4/1/256.png,0,1,hospital,ED4,test
ED4/1/257.png,0,1,hospital,ED4,test
ED4/1/258.png,0,1,hospital,ED4,test
ED4/1/259.png,0,1,hospital,ED4,test
ED4/1/26.png,0,1,hospital,ED4,test
ED4/1/260.png,0,1,hospital,ED4,test
ED4/1/261.png,0,1,hospital,ED4,test
ED4/1/262.png,0,1,hospital,ED4,test
ED4/1/263.png,0,1,hospital,ED4,test
ED4/1/264.png,0,1,hospital,ED4,test
ED4/1/265.png,0,1,hospital,ED4,test
ED4/1/266.png,0,1,hospital,ED4,test
ED4/1/267.png,0,1,hospital,ED4,test
ED4/1/268.png,0,1,hospital,ED4,test
ED4/1/269.png,0,1,hospital,ED4,test
ED4/1/27.png,0,1,hospital,ED4,test
ED4/1/270.png,0,1,hospital,ED4,test
ED4/1/271.png,0,1,hospital,ED4,test
ED4/1/272.png,0,1,hospital,ED4,test
ED4/1/273.png,0,1,hospital,ED4,test
ED4/1/274.png,0,1,hospital,ED4,test
ED4/1/275.png,0,1,hospital,ED4,test
ED4/1/276.png,0,1,hospital,ED4,test
ED4/1/277.png,0,1,hospital,ED4,test
ED4/1/278.png,0,1,hospital,ED4,test
ED4/1/279.png,0,1,hospital,ED4,test
ED4/1/28.png,0,1,hospital,ED4,test
ED4/1/280.png,0,1,hospital,ED4,test
ED4/1/281.png,0,1,hospital,ED4,test
ED4/1/282.png,0,1,hospital,ED4,test
ED4/1/283.png,0,1,hospital,ED4,test
ED4/1/284.png,0,1,hospital,ED4,test
ED4/1/285.png,0,1,hospital,ED4,test
ED4/1/286.png,0,1,hospital,ED4,test
ED4/1/287.png,0,1,hospital,ED4,test
ED4/1/288.png,0,1,hospital,ED4,test
ED4/1/289.png,0,1,hospital,ED4,test
ED4/1/29.png,0,1,hospital,ED4,test
ED4/1/290.png,0,1,hospital,ED4,test
ED4/1/291.png,0,1,hospital,ED4,test
ED4/1/292.png,0,1,hospital,ED4,test
ED4/1/293.png,0,1,hospital,ED4,test
ED4/1/294.png,0,1,hospital,ED4,test
ED4/1/295.png,0,1,hospital,ED4,test
ED4/1/296.png,0,1,hospital,ED4,test
ED4/1/297.png,0,1,hospital,ED4,test
ED4/1/298.png,0,1,hospital,ED4,test
ED4/1/299.png,0,1,hospital,ED4,test
ED4/1/3.png,0,1,hospital,ED4,test
ED4/1/30.png,0,1,hospital,ED4,test
ED4/1/300.png,0,1,hospital,ED4,test
ED4/1/301.png,0,1,hospital,ED4,test
ED4/1/302.png,0,1,hospital,ED4,test
ED4/1/303.png,0,1,hospital,ED4,test
ED4/1/304.png,0,1,hospital,ED4,test
ED4/1/305.png,0,1,hospital,ED4,test
ED4/1/306.png,0,1,hospital,ED4,test
ED4/1/307.png,0,1,hospital,ED4,test
ED4/1/308.png,0,1,hospital,ED4,test
ED4/1/309.png,0,1,hospital,ED4,test
ED4/1/31.png,0,1,hospital,ED4,test
ED4/1/310.png,0,1,hospital,ED4,test
ED4/1/311.png,0,1,hospital,ED4,test
ED4/1/312.png,0,1,hospital,ED4,test
ED4/1/313.png,0,1,hospital,ED4,test
ED4/1/314.png,0,1,hospital,ED4,test
ED4/1/315.png,0,1,hospital,ED4,test
ED4/1/316.png,0,1,hospital,ED4,test
ED4/1/317.png,0,1,hospital,ED4,test
ED4/1/318.png,0,1,hospital,ED4,test
ED4/1/319.png,0,1,hospital,ED4,test
ED4/1/32.png,0,1,hospital,ED4,test
ED4/1/320.png,0,1,hospital,ED4,test
ED4/1/321.png,0,1,hospital,ED4,test
ED4/1/322.png,0,1,hospital,ED4,test
ED4/1/323.png,0,1,hospital,ED4,test
ED4/1/324.png,0,1,hospital,ED4,test
ED4/1/325.png,0,1,hospital,ED4,test
ED4/1/326.png,0,1,hospital,ED4,test
ED4/1/327.png,0,1,hospital,ED4,test
ED4/1/328.png,0,1,hospital,ED4,test
ED4/1/329.png,0,1,hospital,ED4,test
ED4/1/33.png,0,1,hospital,ED4,test
ED4/1/330.png,0,1,hospital,ED4,test
ED4/1/331.png,0,1,hospital,ED4,test
ED4/1/332.png,0,1,hospital,ED4,test
ED4/1/333.png,0,1,hospital,ED4,test
ED4/1/334.png,0,1,hospital,ED4,test
ED4/1/335.png,0,1,hospital,ED4,test
ED4/1/336.png,0,1,hospital,ED4,test
ED4/1/337.png,0,1,hospital,ED4,test
ED4/1/338.png,0,1,hospital,ED4,test
ED4/1/339.png,0,1,hospital,ED4,test
ED4/1/34.png,0,1,hospital,ED4,test
ED4/1/340.png,0,1,hospital,ED4,test
ED4/1/341.png,0,1,hospital,ED4,test
ED4/1/342.png,0,1,hospital,ED4,test
ED4/1/343.png,0,1,hospital,ED4,test
ED4/1/344.png,0,1,hospital,ED4,test
ED4/1/345.png,0,1,hospital,ED4,test
ED4/1/346.png,0,1,hospital,ED4,test
ED4/1/347.png,0,1,hospital,ED4,test
ED4/1/348.png,0,1,hospital,ED4,test
ED4/1/349.png,0,1,hospital,ED4,test
ED4/1/35.png,0,1,hospital,ED4,test
ED4/1/350.png,0,1,hospital,ED4,test
ED4/1/351.png,0,1,hospital,ED4,test
ED4/1/352.png,0,1,hospital,ED4,test
ED4/1/353.png,0,1,hospital,ED4,test
ED4/1/354.png,0,1,hospital,ED4,test
ED4/1/355.png,0,1,hospital,ED4,test
ED4/1/356.png,0,1,hospital,ED4,test
ED4/1/357.png,0,1,hospital,ED4,test
ED4/1/358.png,0,1,hospital,ED4,test
ED4/1/359.png,0,1,hospital,ED4,test
ED4/1/36.png,0,1,hospital,ED4,test
ED4/1/360.png,0,1,hospital,ED4,test
ED4/1/361.png,0,1,hospital,ED4,test
ED4/1/362.png,0,1,hospital,ED4,test
ED4/1/363.png,0,1,hospital,ED4,test
ED4/1/364.png,0,1,hospital,ED4,test
ED4/1/365.png,0,1,hospital,ED4,test
ED4/1/366.png,0,1,hospital,ED4,test
ED4/1/367.png,0,1,hospital,ED4,test
ED4/1/368.png,0,1,hospital,ED4,test
ED4/1/369.png,0,1,hospital,ED4,test
ED4/1/37.png,0,1,hospital,ED4,test
ED4/1/370.png,0,1,hospital,ED4,test
ED4/1/371.png,0,1,hospital,ED4,test
ED4/1/372.png,0,1,hospital,ED4,test
ED4/1/373.png,0,1,hospital,ED4,test
ED4/1/374.png,0,1,hospital,ED4,test
ED4/1/375.png,0,1,hospital,ED4,test
ED4/1/376.png,0,1,hospital,ED4,test
ED4/1/377.png,0,1,hospital,ED4,test
ED4/1/378.png,0,1,hospital,ED4,test
ED4/1/379.png,0,1,hospital,ED4,test
ED4/1/38.png,0,1,hospital,ED4,test
ED4/1/380.png,0,1,hospital,ED4,test
ED4/1/381.png,0,1,hospital,ED4,test
ED4/1/382.png,0,1,hospital,ED4,test
ED4/1/383.png,0,1,hospital,ED4,test
ED4/1/384.png,0,1,hospital,ED4,test
ED4/1/385.png,0,1,hospital,ED4,test
ED4/1/386.png,0,1,hospital,ED4,test
ED4/1/387.png,0,1,hospital,ED4,test
ED4/1/388.png,0,1,hospital,ED4,test
ED4/1/389.png,0,1,hospital,ED4,test
ED4/1/39.png,0,1,hospital,ED4,test
ED4/1/390.png,0,1,hospital,ED4,test
ED4/1/391.png,0,1,hospital,ED4,test
ED4/1/392.png,0,1,hospital,ED4,test
ED4/1/393.png,0,1,hospital,ED4,test
ED4/1/394.png,0,1,hospital,ED4,test
ED4/1/395.png,0,1,hospital,ED4,test
ED4/1/396.png,0,1,hospital,ED4,test
ED4/1/397.png,0,1,hospital,ED4,test
ED4/1/398.png,0,1,hospital,ED4,test
ED4/1/399.png,0,1,hospital,ED4,test
ED4/1/4.png,0,1,hospital,ED4,test
ED4/1/40.png,0,1,hospital,ED4,test
ED4/1/400.png,0,1,hospital,ED4,test
ED4/1/401.png,0,1,hospital,ED4,test
ED4/1/402.png,0,1,hospital,ED4,test
ED4/1/403.png,0,1,hospital,ED4,test
ED4/1/404.png,0,1,hospital,ED4,test
ED4/1/405.png,0,1,hospital,ED4,test
ED4/1/406.png,0,1,hospital,ED4,test
ED4/1/407.png,0,1,hospital,ED4,test
ED4/1/408.png,0,1,hospital,ED4,test
ED4/1/409.png,0,1,hospital,ED4,test
ED4/1/41.png,0,1,hospital,ED4,test
ED4/1/410.png,0,1,hospital,ED4,test
ED4/1/411.png,0,1,hospital,ED4,test
ED4/1/412.png,0,1,hospital,ED4,test
ED4/1/413.png,0,1,hospital,ED4,test
ED4/1/414.png,0,1,hospital,ED4,test
ED4/1/415.png,0,1,hospital,ED4,test
ED4/1/416.png,0,1,hospital,ED4,test
ED4/1/417.png,0,1,hospital,ED4,test
ED4/1/418.png,0,1,hospital,ED4,test
ED4/1/419.png,0,1,hospital,ED4,test
ED4/1/42.png,0,1,hospital,ED4,test
ED4/1/420.png,0,1,hospital,ED4,test
ED4/1/421.png,0,1,hospital,ED4,test
ED4/1/422.png,0,1,hospital,ED4,test
ED4/1/423.png,0,1,hospital,ED4,test
ED4/1/424.png,0,1,hospital,ED4,test
ED4/1/425.png,0,1,hospital,ED4,test
ED4/1/426.png,0,1,hospital,ED4,test
ED4/1/427.png,0,1,hospital,ED4,test
ED4/1/428.png,0,1,hospital,ED4,test
ED4/1/429.png,0,1,hospital,ED4,test
ED4/1/43.png,0,1,hospital,ED4,test
ED4/1/430.png,0,1,hospital,ED4,test
ED4/1/431.png,0,1,hospital,ED4,test
ED4/1/432.png,0,1,hospital,ED4,test
ED4/1/433.png,0,1,hospital,ED4,test
ED4/1/434.png,0,1,hospital,ED4,test
ED4/1/435.png,0,1,hospital,ED4,test
ED4/1/436.png,0,1,hospital,ED4,test
ED4/1/437.png,0,1,hospital,ED4,test
ED4/1/438.png,0,1,hospital,ED4,test
ED4/1/439.png,0,1,hospital,ED4,test
ED4/1/44.png,0,1,hospital,ED4,test
ED4/1/440.png,0,1,hospital,ED4,test
ED4/1/441.png,0,1,hospital,ED4,test
ED4/1/442.png,0,1,hospital,ED4,test
ED4/1/443.png,0,1,hospital,ED4,test
ED4/1/444.png,0,1,hospital,ED4,test
ED4/1/445.png,0,1,hospital,ED4,test
ED4/1/446.png,0,1,hospital,ED4,test
ED4/1/447.png,0,1,hospital,ED4,test
ED4/1/448.png,0,1,hospital,ED4,test
ED4/1/449.png,0,1,hospital,ED4,test
ED4/1/45.png,0,1,hospital,ED4,test
ED4/1/450.png,0,1,hospital,ED4,test
ED4/1/451.png,0,1,hospital,ED4,test
ED4/1/452.png,0,1,hospital,ED4,test
ED4/1/453.png,0,1,hospital,ED4,test
ED4/1/454.png,0,1,hospital,ED4,test
ED4/1/455.png,0,1,hospital,ED4,test
ED4/1/456.png,0,1,hospital,ED4,test
ED4/1/457.png,0,1,hospital,ED4,test
ED4/1/458.png,0,1,hospital,ED4,test
ED4/1/459.png,0,1,hospital,ED4,test
ED4/1/46.png,0,1,hospital,ED4,test
ED4/1/460.png,0,1,hospital,ED4,test
ED4/1/461.png,0,1,hospital,ED4,test
ED4/1/462.png,0,1,hospital,ED4,test
ED4/1/463.png,0,1,hospital,ED4,test
ED4/1/464.png,0,1,hospital,ED4,test
ED4/1/465.png,0,1,hospital,ED4,test
ED4/1/466.png,0,1,hospital,ED4,test
ED4/1/467.png,0,1,hospital,ED4,test
ED4/1/468.png,0,1,hospital,ED4,test
ED4/1/469.png,0,1,hospital,ED4,test
ED4/1/47.png,0,1,hospital,ED4,test
ED4/1/470.png,0,1,hospital,ED4,test
ED4/1/471.png,0,1,hospital,ED4,test
ED4/1/472.png,0,1,hospital,ED4,test
ED4/1/48.png,0,1,hospital,ED4,test
ED4/1/49.png,0,1,hospital,ED4,test
ED4/1/5.png,0,1,hospital,ED4,test
ED4/1/50.png,0,1,hospital,ED4,test
ED4/1/51.png,0,1,hospital,ED4,test
ED4/1/52.png,0,1,hospital,ED4,test
ED4/1/53.png,0,1,hospital,ED4,test
ED4/1/54.png,0,1,hospital,ED4,test
ED4/1/55.png,0,1,hospital,ED4,test
ED4/1/56.png,0,1,hospital,ED4,test
ED4/1/57.png,0,1,hospital,ED4,test
ED4/1/58.png,0,1,hospital,ED4,test
ED4/1/59.png,0,1,hospital,ED4,test
ED4/1/6.png,0,1,hospital,ED4,test
ED4/1/60.png,0,1,hospital,ED4,test
ED4/1/61.png,0,1,hospital,ED4,test
ED4/1/62.png,0,1,hospital,ED4,test
ED4/1/63.png,0,1,hospital,ED4,test
ED4/1/64.png,0,1,hospital,ED4,test
ED4/1/65.png,0,1,hospital,ED4,test
ED4/1/66.png,0,1,hospital,ED4,test
ED4/1/67.png,0,1,hospital,ED4,test
ED4/1/68.png,0,1,hospital,ED4,test
ED4/1/69.png,0,1,hospital,ED4,test
ED4/1/7.png,0,1,hospital,ED4,test
ED4/1/70.png,0,1,hospital,ED4,test
ED4/1/71.png,0,1,hospital,ED4,test
ED4/1/72.png,0,1,hospital,ED4,test
ED4/1/73.png,0,1,hospital,ED4,test
ED4/1/74.png,0,1,hospital,ED4,test
ED4/1/75.png,0,1,hospital,ED4,test
ED4/1/76.png,0,1,hospital,ED4,test
ED4/1/77.png,0,1,hospital,ED4,test
ED4/1/78.png,0,1,hospital,ED4,test
ED4/1/79.png,0,1,hospital,ED4,test
ED4/1/8.png,0,1,hospital,ED4,test
ED4/1/80.png,0,1,hospital,ED4,test
ED4/1/81.png,0,1,hospital,ED4,test
ED4/1/82.png,0,1,hospital,ED4,test
ED4/1/83.png,0,1,hospital,ED4,test
ED4/1/84.png,0,1,hospital,ED4,test
ED4/1/85.png,0,1,hospital,ED4,test
ED4/1/86.png,0,1,hospital,ED4,test
ED4/1/87.png,0,1,hospital,ED4,test
ED4/1/88.png,0,1,hospital,ED4,test
ED4/1/89.png,0,1,hospital,ED4,test
ED4/1/9.png,0,1,hospital,ED4,test
ED4/1/90.png,0,1,hospital,ED4,test
ED4/1/91.png,0,1,hospital,ED4,test
ED4/1/92.png,0,1,hospital,ED4,test
ED4/1/93.png,0,1,hospital,ED4,test
ED4/1/94.png,0,1,hospital,ED4,test
ED4/1/95.png,0,1,hospital,ED4,test
ED4/1/96.png,0,1,hospital,ED4,test
ED4/1/97.png,0,1,hospital,ED4,test
ED4/1/98.png,0,1,hospital,ED4,test
ED4/1/99.png,0,1,hospital,ED4,test
ED4/2/0.png,1,2,hospital,ED4,test
ED4/2/1.png,1,2,hospital,ED4,test
ED4/2/10.png,1,2,hospital,ED4,test
ED4/2/100.png,1,2,hospital,ED4,test
ED4/2/101.png,1,2,hospital,ED4,test
ED4/2/102.png,1,2,hospital,ED4,test
ED4/2/103.png,1,2,hospital,ED4,test
ED4/2/104.png,1,2,hospital,ED4,test
ED4/2/105.png,1,2,hospital,ED4,test
ED4/2/106.png,1,2,hospital,ED4,test
ED4/2/107.png,1,2,hospital,ED4,test
ED4/2/108.png,1,2,hospital,ED4,test
ED4/2/109.png,1,2,hospital,ED4,test
ED4/2/11.png,1,2,hospital,ED4,test
ED4/2/110.png,1,2,hospital,ED4,test
ED4/2/111.png,1,2,hospital,ED4,test
ED4/2/112.png,1,2,hospital,ED4,test
ED4/2/113.png,1,2,hospital,ED4,test
ED4/2/114.png,1,2,hospital,ED4,test
ED4/2/115.png,1,2,hospital,ED4,test
ED4/2/116.png,1,2,hospital,ED4,test
ED4/2/117.png,1,2,hospital,ED4,test
ED4/2/118.png,1,2,hospital,ED4,test
ED4/2/119.png,1,2,hospital,ED4,test
ED4/2/12.png,1,2,hospital,ED4,test
ED4/2/120.png,1,2,hospital,ED4,test
ED4/2/121.png,1,2,hospital,ED4,test
ED4/2/122.png,1,2,hospital,ED4,test
ED4/2/123.png,1,2,hospital,ED4,test
ED4/2/124.png,1,2,hospital,ED4,test
ED4/2/125.png,1,2,hospital,ED4,test
ED4/2/126.png,1,2,hospital,ED4,test
ED4/2/127.png,1,2,hospital,ED4,test
ED4/2/128.png,1,2,hospital,ED4,test
ED4/2/129.png,1,2,hospital,ED4,test
ED4/2/13.png,1,2,hospital,ED4,test
ED4/2/130.png,1,2,hospital,ED4,test
ED4/2/131.png,1,2,hospital,ED4,test
ED4/2/132.png,1,2,hospital,ED4,test
ED4/2/133.png,1,2,hospital,ED4,test
ED4/2/134.png,1,2,hospital,ED4,test
ED4/2/135.png,1,2,hospital,ED4,test
ED4/2/136.png,1,2,hospital,ED4,test
ED4/2/137.png,1,2,hospital,ED4,test
ED4/2/138.png,1,2,hospital,ED4,test
ED4/2/139.png,1,2,hospital,ED4,test
ED4/2/14.png,1,2,hospital,ED4,test
ED4/2/140.png,1,2,hospital,ED4,test
ED4/2/141.png,1,2,hospital,ED4,test
ED4/2/142.png,1,2,hospital,ED4,test
ED4/2/143.png,1,2,hospital,ED4,test
ED4/2/144.png,1,2,hospital,ED4,test
ED4/2/145.png,1,2,hospital,ED4,test
ED4/2/146.png,1,2,hospital,ED4,test
ED4/2/147.png,1,2,hospital,ED4,test
ED4/2/148.png,1,2,hospital,ED4,test
ED4/2/149.png,1,2,hospital,ED4,test
ED4/2/15.png,1,2,hospital,ED4,test
ED4/2/150.png,1,2,hospital,ED4,test
ED4/2/151.png,1,2,hospital,ED4,test
ED4/2/152.png,1,2,hospital,ED4,test
ED4/2/153.png,1,2,hospital,ED4,test
ED4/2/154.png,1,2,hospital,ED4,test
ED4/2/155.png,1,2,hospital,ED4,test
ED4/2/156.png,1,2,hospital,ED4,test
ED4/2/157.png,1,2,hospital,ED4,test
ED4/2/158.png,1,2,hospital,ED4,test
ED4/2/159.png,1,2,hospital,ED4,test
ED4/2/16.png,1,2,hospital,ED4,test
ED4/2/160.png,1,2,hospital,ED4,test
ED4/2/161.png,1,2,hospital,ED4,test
ED4/2/162.png,1,2,hospital,ED4,test
ED4/2/163.png,1,2,hospital,ED4,test
ED4/2/164.png,1,2,hospital,ED4,test
ED4/2/165.png,1,2,hospital,ED4,test
ED4/2/166.png,1,2,hospital,ED4,test
ED4/2/167.png,1,2,hospital,ED4,test
ED4/2/168.png,1,2,hospital,ED4,test
ED4/2/169.png,1,2,hospital,ED4,test
ED4/2/17.png,1,2,hospital,ED4,test
ED4/2/170.png,1,2,hospital,ED4,test
ED4/2/171.png,1,2,hospital,ED4,test
ED4/2/172.png,1,2,hospital,ED4,test
ED4/2/173.png,1,2,hospital,ED4,test
ED4/2/174.png,1,2,hospital,ED4,test
ED4/2/175.png,1,2,hospital,ED4,test
ED4/2/176.png,1,2,hospital,ED4,test
ED4/2/177.png,1,2,hospital,ED4,test
ED4/2/178.png,1,2,hospital,ED4,test
ED4/2/179.png,1,2,hospital,ED4,test
ED4/2/18.png,1,2,hospital,ED4,test
ED4/2/180.png,1,2,hospital,ED4,test
ED4/2/181.png,1,2,hospital,ED4,test
ED4/2/182.png,1,2,hospital,ED4,test
ED4/2/183.png,1,2,hospital,ED4,test
ED4/2/184.png,1,2,hospital,ED4,test
ED4/2/185.png,1,2,hospital,ED4,test
ED4/2/186.png,1,2,hospital,ED4,test
ED4/2/187.png,1,2,hospital,ED4,test
ED4/2/188.png,1,2,hospital,ED4,test
ED4/2/189.png,1,2,hospital,ED4,test
ED4/2/19.png,1,2,hospital,ED4,test
ED4/2/190.png,1,2,hospital,ED4,test
ED4/2/191.png,1,2,hospital,ED4,test
ED4/2/192.png,1,2,hospital,ED4,test
ED4/2/193.png,1,2,hospital,ED4,test
ED4/2/194.png,1,2,hospital,ED4,test
ED4/2/195.png,1,2,hospital,ED4,test
ED4/2/196.png,1,2,hospital,ED4,test
ED4/2/197.png,1,2,hospital,ED4,test
ED4/2/198.png,1,2,hospital,ED4,test
ED4/2/199.png,1,2,hospital,ED4,test
ED4/2/2.png,1,2,hospital,ED4,test
ED4/2/20.png,1,2,hospital,ED4,test
ED4/2/200.png,1,2,hospital,ED4,test
ED4/2/201.png,1,2,hospital,ED4,test
ED4/2/202.png,1,2,hospital,ED4,test
ED4/2/203.png,1,2,hospital,ED4,test
ED4/2/204.png,1,2,hospital,ED4,test
ED4/2/205.png,1,2,hospital,ED4,test
ED4/2/206.png,1,2,hospital,ED4,test
ED4/2/207.png,1,2,hospital,ED4,test
ED4/2/208.png,1,2,hospital,ED4,test
ED4/2/209.png,1,2,hospital,ED4,test
ED4/2/21.png,1,2,hospital,ED4,test
ED4/2/210.png,1,2,hospital,ED4,test
ED4/2/211.png,1,2,hospital,ED4,test
ED4/2/212.png,1,2,hospital,ED4,test
ED4/2/213.png,1,2,hospital,ED4,test
ED4/2/214.png,1,2,hospital,ED4,test
ED4/2/215.png,1,2,hospital,ED4,test
ED4/2/216.png,1,2,hospital,ED4,test
ED4/2/217.png,1,2,hospital,ED4,test
ED4/2/218.png,1,2,hospital,ED4,test
ED4/2/219.png,1,2,hospital,ED4,test
ED4/2/22.png,1,2,hospital,ED4,test
ED4/2/220.png,1,2,hospital,ED4,test
ED4/2/221.png,1,2,hospital,ED4,test
ED4/2/222.png,1,2,hospital,ED4,test
ED4/2/223.png,1,2,hospital,ED4,test
ED4/2/224.png,1,2,hospital,ED4,test
ED4/2/225.png,1,2,hospital,ED4,test
ED4/2/226.png,1,2,hospital,ED4,test
ED4/2/227.png,1,2,hospital,ED4,test
ED4/2/228.png,1,2,hospital,ED4,test
ED4/2/229.png,1,2,hospital,ED4,test
ED4/2/23.png,1,2,hospital,ED4,test
ED4/2/230.png,1,2,hospital,ED4,test
ED4/2/231.png,1,2,hospital,ED4,test
ED4/2/232.png,1,2,hospital,ED4,test
ED4/2/233.png,1,2,hospital,ED4,test
ED4/2/234.png,1,2,hospital,ED4,test
ED4/2/235.png,1,2,hospital,ED4,test
ED4/2/236.png,1,2,hospital,ED4,test
ED4/2/237.png,1,2,hospital,ED4,test
ED4/2/238.png,1,2,hospital,ED4,test
ED4/2/239.png,1,2,hospital,ED4,test
ED4/2/24.png,1,2,hospital,ED4,test
ED4/2/240.png,1,2,hospital,ED4,test
ED4/2/241.png,1,2,hospital,ED4,test
ED4/2/242.png,1,2,hospital,ED4,test
ED4/2/243.png,1,2,hospital,ED4,test
ED4/2/244.png,1,2,hospital,ED4,test
ED4/2/245.png,1,2,hospital,ED4,test
ED4/2/246.png,1,2,hospital,ED4,test
ED4/2/247.png,1,2,hospital,ED4,test
ED4/2/248.png,1,2,hospital,ED4,test
ED4/2/249.png,1,2,hospital,ED4,test
ED4/2/25.png,1,2,hospital,ED4,test
ED4/2/250.png,1,2,hospital,ED4,test
ED4/2/251.png,1,2,hospital,ED4,test
ED4/2/252.png,1,2,hospital,ED4,test
ED4/2/253.png,1,2,hospital,ED4,test
ED4/2/254.png,1,2,hospital,ED4,test
ED4/2/255.png,1,2,hospital,ED4,test
ED4/2/256.png,1,2,hospital,ED4,test
ED4/2/257.png,1,2,hospital,ED4,test
ED4/2/258.png,1,2,hospital,ED4,test
ED4/2/259.png,1,2,hospital,ED4,test
ED4/2/26.png,1,2,hospital,ED4,test
ED4/2/260.png,1,2,hospital,ED4,test
ED4/2/261.png,1,2,hospital,ED4,test
ED4/2/262.png,1,2,hospital,ED4,test
ED4/2/263.png,1,2,hospital,ED4,test
ED4/2/264.png,1,2,hospital,ED4,test
ED4/2/265.png,1,2,hospital,ED4,test
ED4/2/266.png,1,2,hospital,ED4,test
ED4/2/267.png,1,2,hospital,ED4,test
ED4/2/268.png,1,2,hospital,ED4,test
ED4/2/269.png,1,2,hospital,ED4,test
ED4/2/27.png,1,2,hospital,ED4,test
ED4/2/270.png,1,2,hospital,ED4,test
ED4/2/271.png,1,2,hospital,ED4,test
ED4/2/272.png,1,2,hospital,ED4,test
ED4/2/273.png,1,2,hospital,ED4,test
ED4/2/274.png,1,2,hospital,ED4,test
ED4/2/275.png,1,2,hospital,ED4,test
ED4/2/276.png,1,2,hospital,ED4,test
ED4/2/277.png,1,2,hospital,ED4,test
ED4/2/278.png,1,2,hospital,ED4,test
ED4/2/279.png,1,2,hospital,ED4,test
ED4/2/28.png,1,2,hospital,ED4,test
ED4/2/280.png,1,2,hospital,ED4,test
ED4/2/281.png,1,2,hospital,ED4,test
ED4/2/282.png,1,2,hospital,ED4,test
ED4/2/283.png,1,2,hospital,ED4,test
ED4/2/284.png,1,2,hospital,ED4,test
ED4/2/285.png,1,2,hospital,ED4,test
ED4/2/286.png,1,2,hospital,ED4,test
ED4/2/287.png,1,2,hospital,ED4,test
ED4/2/288.png,1,2,hospital,ED4,test
ED4/2/289.png,1,2,hospital,ED4,test
ED4/2/29.png,1,2,hospital,ED4,test
ED4/2/290.png,1,2,hospital,ED4,test
ED4/2/291.png,1,2,hospital,ED4,test
ED4/2/292.png,1,2,hospital,ED4,test
ED4/2/293.png,1,2,hospital,ED4,test
ED4/2/294.png,1,2,hospital,ED4,test
ED4/2/295.png,1,2,hospital,ED4,test
ED4/2/296.png,1,2,hospital,ED4,test
ED4/2/297.png,1,2,hospital,ED4,test
ED4/2/298.png,1,2,hospital,ED4,test
ED4/2/299.png,1,2,hospital,ED4,test
ED4/2/3.png,1,2,hospital,ED4,test
ED4/2/30.png,1,2,hospital,ED4,test
ED4/2/300.png,1,2,hospital,ED4,test
ED4/2/301.png,1,2,hospital,ED4,test
ED4/2/302.png,1,2,hospital,ED4,test
ED4/2/303.png,1,2,hospital,ED4,test
ED4/2/304.png,1,2,hospital,ED4,test
ED4/2/305.png,1,2,hospital,ED4,test
ED4/2/306.png,1,2,hospital,ED4,test
ED4/2/307.png,1,2,hospital,ED4,test
ED4/2/308.png,1,2,hospital,ED4,test
ED4/2/309.png,1,2,hospital,ED4,test
ED4/2/31.png,1,2,hospital,ED4,test
ED4/2/310.png,1,2,hospital,ED4,test
ED4/2/311.png,1,2,hospital,ED4,test
ED4/2/312.png,1,2,hospital,ED4,test
ED4/2/313.png,1,2,hospital,ED4,test
ED4/2/314.png,1,2,hospital,ED4,test
ED4/2/315.png,1,2,hospital,ED4,test
ED4/2/316.png,1,2,hospital,ED4,test
ED4/2/317.png,1,2,hospital,ED4,test
ED4/2/318.png,1,2,hospital,ED4,test
ED4/2/319.png,1,2,hospital,ED4,test
ED4/2/32.png,1,2,hospital,ED4,test
ED4/2/320.png,1,2,hospital,ED4,test
ED4/2/321.png,1,2,hospital,ED4,test
ED4/2/322.png,1,2,hospital,ED4,test
ED4/2/323.png,1,2,hospital,ED4,test
ED4/2/324.png,1,2,hospital,ED4,test
ED4/2/325.png,1,2,hospital,ED4,test
ED4/2/326.png,1,2,hospital,ED4,test
ED4/2/327.png,1,2,hospital,ED4,test
ED4/2/328.png,1,2,hospital,ED4,test
ED4/2/329.png,1,2,hospital,ED4,test
ED4/2/33.png,1,2,hospital,ED4,test
ED4/2/330.png,1,2,hospital,ED4,test
ED4/2/331.png,1,2,hospital,ED4,test
ED4/2/332.png,1,2,hospital,ED4,test
ED4/2/333.png,1,2,hospital,ED4,test
ED4/2/334.png,1,2,hospital,ED4,test
ED4/2/335.png,1,2,hospital,ED4,test
ED4/2/336.png,1,2,hospital,ED4,test
ED4/2/337.png,1,2,hospital,ED4,test
ED4/2/338.png,1,2,hospital,ED4,test
ED4/2/339.png,1,2,hospital,ED4,test
ED4/2/34.png,1,2,hospital,ED4,test
ED4/2/340.png,1,2,hospital,ED4,test
ED4/2/341.png,1,2,hospital,ED4,test
ED4/2/342.png,1,2,hospital,ED4,test
ED4/2/343.png,1,2,hospital,ED4,test
ED4/2/344.png,1,2,hospital,ED4,test
ED4/2/345.png,1,2,hospital,ED4,test
ED4/2/346.png,1,2,hospital,ED4,test
ED4/2/347.png,1,2,hospital,ED4,test
ED4/2/348.png,1,2,hospital,ED4,test
ED4/2/349.png,1,2,hospital,ED4,test
ED4/2/35.png,1,2,hospital,ED4,test
ED4/2/350.png,1,2,hospital,ED4,test
ED4/2/351.png,1,2,hospital,ED4,test
ED4/2/352.png,1,2,hospital,ED4,test
ED4/2/353.png,1,2,hospital,ED4,test
ED4/2/354.png,1,2,hospital,ED4,test
ED4/2/355.png,1,2,hospital,ED4,test
ED4/2/356.png,1,2,hospital,ED4,test
ED4/2/357.png,1,2,hospital,ED4,test
ED4/2/358.png,1,2,hospital,ED4,test
ED4/2/359.png,1,2,hospital,ED4,test
ED4/2/36.png,1,2,hospital,ED4,test
ED4/2/360.png,1,2,hospital,ED4,test
ED4/2/361.png,1,2,hospital,ED4,test
ED4/2/362.png,1,2,hospital,ED4,test
ED4/2/363.png,1,2,hospital,ED4,test
ED4/2/364.png,1,2,hospital,ED4,test
ED4/2/365.png,1,2,hospital,ED4,test
ED4/2/366.png,1,2,hospital,ED4,test
ED4/2/367.png,1,2,hospital,ED4,test
ED4/2/368.png,1,2,hospital,ED4,test
ED4/2/369.png,1,2,hospital,ED4,test
ED4/2/37.png,1,2,hospital,ED4,test
ED4/2/370.png,1,2,hospital,ED4,test
ED4/2/371.png,1,2,hospital,ED4,test
ED4/2/372.png,1,2,hospital,ED4,test
ED4/2/373.png,1,2,hospital,ED4,test
ED4/2/374.png,1,2,hospital,ED4,test
ED4/2/375.png,1,2,hospital,ED4,test
ED4/2/376.png,1,2,hospital,ED4,test
ED4/2/377.png,1,2,hospital,ED4,test
ED4/2/378.png,1,2,hospital,ED4,test
ED4/2/379.png,1,2,hospital,ED4,test
ED4/2/38.png,1,2,hospital,ED4,test
ED4/2/380.png,1,2,hospital,ED4,test
ED4/2/381.png,1,2,hospital,ED4,test
ED4/2/382.png,1,2,hospital,ED4,test
ED4/2/383.png,1,2,hospital,ED4,test
ED4/2/384.png,1,2,hospital,ED4,test
ED4/2/385.png,1,2,hospital,ED4,test
ED4/2/386.png,1,2,hospital,ED4,test
ED4/2/387.png,1,2,hospital,ED4,test
ED4/2/388.png,1,2,hospital,ED4,test
ED4/2/389.png,1,2,hospital,ED4,test
ED4/2/39.png,1,2,hospital,ED4,test
ED4/2/390.png,1,2,hospital,ED4,test
ED4/2/391.png,1,2,hospital,ED4,test
ED4/2/392.png,1,2,hospital,ED4,test
ED4/2/393.png,1,2,hospital,ED4,test
ED4/2/394.png,1,2,hospital,ED4,test
ED4/2/395.png,1,2,hospital,ED4,test
ED4/2/396.png,1,2,hospital,ED4,test
ED4/2/397.png,1,2,hospital,ED4,test
ED4/2/398.png,1,2,hospital,ED4,test
ED4/2/399.png,1,2,hospital,ED4,test
ED4/2/4.png,1,2,hospital,ED4,test
ED4/2/40.png,1,2,hospital,ED4,test
ED4/2/400.png,1,2,hospital,ED4,test
ED4/2/401.png,1,2,hospital,ED4,test
ED4/2/402.png,1,2,hospital,ED4,test
ED4/2/403.png,1,2,hospital,ED4,test
ED4/2/404.png,1,2,hospital,ED4,test
ED4/2/405.png,1,2,hospital,ED4,test
ED4/2/406.png,1,2,hospital,ED4,test
ED4/2/407.png,1,2,hospital,ED4,test
ED4/2/408.png,1,2,hospital,ED4,test
ED4/2/409.png,1,2,hospital,ED4,test
ED4/2/41.png,1,2,hospital,ED4,test
ED4/2/410.png,1,2,hospital,ED4,test
ED4/2/42.png,1,2,hospital,ED4,test
ED4/2/43.png,1,2,hospital,ED4,test
ED4/2/44.png,1,2,hospital,ED4,test
ED4/2/45.png,1,2,hospital,ED4,test
ED4/2/46.png,1,2,hospital,ED4,test
ED4/2/47.png,1,2,hospital,ED4,test
ED4/2/48.png,1,2,hospital,ED4,test
ED4/2/49.png,1,2,hospital,ED4,test
ED4/2/5.png,1,2,hospital,ED4,test
ED4/2/50.png,1,2,hospital,ED4,test
ED4/2/51.png,1,2,hospital,ED4,test
ED4/2/52.png,1,2,hospital,ED4,test
ED4/2/53.png,1,2,hospital,ED4,test
ED4/2/54.png,1,2,hospital,ED4,test
ED4/2/55.png,1,2,hospital,ED4,test
ED4/2/56.png,1,2,hospital,ED4,test
ED4/2/57.png,1,2,hospital,ED4,test
ED4/2/58.png,1,2,hospital,ED4,test
ED4/2/59.png,1,2,hospital,ED4,test
ED4/2/6.png,1,2,hospital,ED4,test
ED4/2/60.png,1,2,hospital,ED4,test
ED4/2/61.png,1,2,hospital,ED4,test
ED4/2/62.png,1,2,hospital,ED4,test
ED4/2/63.png,1,2,hospital,ED4,test
ED4/2/64.png,1,2,hospital,ED4,test
ED4/2/65.png,1,2,hospital,ED4,test
ED4/2/66.png,1,2,hospital,ED4,test
ED4/2/67.png,1,2,hospital,ED4,test
ED4/2/68.png,1,2,hospital,ED4,test
ED4/2/69.png,1,2,hospital,ED4,test
ED4/2/7.png,1,2,hospital,ED4,test
ED4/2/70.png,1,2,hospital,ED4,test
ED4/2/71.png,1,2,hospital,ED4,test
ED4/2/72.png,1,2,hospital,ED4,test
ED4/2/73.png,1,2,hospital,ED4,test
ED4/2/74.png,1,2,hospital,ED4,test
ED4/2/75.png,1,2,hospital,ED4,test
ED4/2/76.png,1,2,hospital,ED4,test
ED4/2/77.png,1,2,hospital,ED4,test
ED4/2/78.png,1,2,hospital,ED4,test
ED4/2/79.png,1,2,hospital,ED4,test
ED4/2/8.png,1,2,hospital,ED4,test
ED4/2/80.png,1,2,hospital,ED4,test
ED4/2/81.png,1,2,hospital,ED4,test
ED4/2/82.png,1,2,hospital,ED4,test
ED4/2/83.png,1,2,hospital,ED4,test
ED4/2/84.png,1,2,hospital,ED4,test
ED4/2/85.png,1,2,hospital,ED4,test
ED4/2/86.png,1,2,hospital,ED4,test
ED4/2/87.png,1,2,hospital,ED4,test
ED4/2/88.png,1,2,hospital,ED4,test
ED4/2/89.png,1,2,hospital,ED4,test
ED4/2/9.png,1,2,hospital,ED4,test
ED4/2/90.png,1,2,hospital,ED4,test
ED4/2/91.png,1,2,hospital,ED4,test
ED4/2/92.png,1,2,hospital,ED4,test
ED4/2/93.png,1,2,hospital,ED4,test
ED4/2/94.png,1,2,hospital,ED4,test
ED4/2/95.png,1,2,hospital,ED4,test
ED4/2/96.png,1,2,hospital,ED4,test
ED4/2/97.png,1,2,hospital,ED4,test
ED4/2/98.png,1,2,hospital,ED4,test
ED4/2/99.png,1,2,hospital,ED4,test
ED4/3/0.png,2,3,hospital,ED4,test
ED4/3/1.png,2,3,hospital,ED4,test
ED4/3/10.png,2,3,hospital,ED4,test
ED4/3/100.png,2,3,hospital,ED4,test
ED4/3/101.png,2,3,hospital,ED4,test
ED4/3/102.png,2,3,hospital,ED4,test
ED4/3/103.png,2,3,hospital,ED4,test
ED4/3/104.png,2,3,hospital,ED4,test
ED4/3/105.png,2,3,hospital,ED4,test
ED4/3/106.png,2,3,hospital,ED4,test
ED4/3/107.png,2,3,hospital,ED4,test
ED4/3/108.png,2,3,hospital,ED4,test
ED4/3/109.png,2,3,hospital,ED4,test
ED4/3/11.png,2,3,hospital,ED4,test
ED4/3/110.png,2,3,hospital,ED4,test
ED4/3/111.png,2,3,hospital,ED4,test
ED4/3/112.png,2,3,hospital,ED4,test
ED4/3/113.png,2,3,hospital,ED4,test
ED4/3/114.png,2,3,hospital,ED4,test
ED4/3/115.png,2,3,hospital,ED4,test
ED4/3/116.png,2,3,hospital,ED4,test
ED4/3/117.png,2,3,hospital,ED4,test
ED4/3/118.png,2,3,hospital,ED4,test
ED4/3/119.png,2,3,hospital,ED4,test
ED4/3/12.png,2,3,hospital,ED4,test
ED4/3/120.png,2,3,hospital,ED4,test
ED4/3/121.png,2,3,hospital,ED4,test
ED4/3/122.png,2,3,hospital,ED4,test
ED4/3/123.png,2,3,hospital,ED4,test
ED4/3/124.png,2,3,hospital,ED4,test
ED4/3/125.png,2,3,hospital,ED4,test
ED4/3/126.png,2,3,hospital,ED4,test
ED4/3/127.png,2,3,hospital,ED4,test
ED4/3/128.png,2,3,hospital,ED4,test
ED4/3/129.png,2,3,hospital,ED4,test
ED4/3/13.png,2,3,hospital,ED4,test
ED4/3/130.png,2,3,hospital,ED4,test
ED4/3/131.png,2,3,hospital,ED4,test
ED4/3/132.png,2,3,hospital,ED4,test
ED4/3/133.png,2,3,hospital,ED4,test
ED4/3/134.png,2,3,hospital,ED4,test
ED4/3/135.png,2,3,hospital,ED4,test
ED4/3/136.png,2,3,hospital,ED4,test
ED4/3/137.png,2,3,hospital,ED4,test
ED4/3/138.png,2,3,hospital,ED4,test
ED4/3/139.png,2,3,hospital,ED4,test
ED4/3/14.png,2,3,hospital,ED4,test
ED4/3/140.png,2,3,hospital,ED4,test
ED4/3/141.png,2,3,hospital,ED4,test
ED4/3/142.png,2,3,hospital,ED4,test
ED4/3/143.png,2,3,hospital,ED4,test
ED4/3/144.png,2,3,hospital,ED4,test
ED4/3/145.png,2,3,hospital,ED4,test
ED4/3/146.png,2,3,hospital,ED4,test
ED4/3/147.png,2,3,hospital,ED4,test
ED4/3/148.png,2,3,hospital,ED4,test
ED4/3/149.png,2,3,hospital,ED4,test
ED4/3/15.png,2,3,hospital,ED4,test
ED4/3/150.png,2,3,hospital,ED4,test
ED4/3/151.png,2,3,hospital,ED4,test
ED4/3/152.png,2,3,hospital,ED4,test
ED4/3/153.png,2,3,hospital,ED4,test
ED4/3/154.png,2,3,hospital,ED4,test
ED4/3/155.png,2,3,hospital,ED4,test
ED4/3/156.png,2,3,hospital,ED4,test
ED4/3/157.png,2,3,hospital,ED4,test
ED4/3/158.png,2,3,hospital,ED4,test
ED4/3/159.png,2,3,hospital,ED4,test
ED4/3/16.png,2,3,hospital,ED4,test
ED4/3/160.png,2,3,hospital,ED4,test
ED4/3/161.png,2,3,hospital,ED4,test
ED4/3/162.png,2,3,hospital,ED4,test
ED4/3/163.png,2,3,hospital,ED4,test
ED4/3/164.png,2,3,hospital,ED4,test
ED4/3/165.png,2,3,hospital,ED4,test
ED4/3/166.png,2,3,hospital,ED4,test
ED4/3/167.png,2,3,hospital,ED4,test
ED4/3/168.png,2,3,hospital,ED4,test
ED4/3/169.png,2,3,hospital,ED4,test
ED4/3/17.png,2,3,hospital,ED4,test
ED4/3/170.png,2,3,hospital,ED4,test
ED4/3/171.png,2,3,hospital,ED4,test
ED4/3/172.png,2,3,hospital,ED4,test
ED4/3/173.png,2,3,hospital,ED4,test
ED4/3/174.png,2,3,hospital,ED4,test
ED4/3/175.png,2,3,hospital,ED4,test
ED4/3/176.png,2,3,hospital,ED4,test
ED4/3/177.png,2,3,hospital,ED4,test
ED4/3/178.png,2,3,hospital,ED4,test
ED4/3/179.png,2,3,hospital,ED4,test
ED4/3/18.png,2,3,hospital,ED4,test
ED4/3/180.png,2,3,hospital,ED4,test
ED4/3/181.png,2,3,hospital,ED4,test
ED4/3/182.png,2,3,hospital,ED4,test
ED4/3/183.png,2,3,hospital,ED4,test
ED4/3/184.png,2,3,hospital,ED4,test
ED4/3/185.png,2,3,hospital,ED4,test
ED4/3/186.png,2,3,hospital,ED4,test
ED4/3/187.png,2,3,hospital,ED4,test
ED4/3/188.png,2,3,hospital,ED4,test
ED4/3/189.png,2,3,hospital,ED4,test
ED4/3/19.png,2,3,hospital,ED4,test
ED4/3/190.png,2,3,hospital,ED4,test
ED4/3/191.png,2,3,hospital,ED4,test
ED4/3/192.png,2,3,hospital,ED4,test
ED4/3/193.png,2,3,hospital,ED4,test
ED4/3/194.png,2,3,hospital,ED4,test
ED4/3/195.png,2,3,hospital,ED4,test
ED4/3/196.png,2,3,hospital,ED4,test
ED4/3/197.png,2,3,hospital,ED4,test
ED4/3/198.png,2,3,hospital,ED4,test
ED4/3/199.png,2,3,hospital,ED4,test
ED4/3/2.png,2,3,hospital,ED4,test
ED4/3/20.png,2,3,hospital,ED4,test
ED4/3/200.png,2,3,hospital,ED4,test
ED4/3/201.png,2,3,hospital,ED4,test
ED4/3/202.png,2,3,hospital,ED4,test
ED4/3/203.png,2,3,hospital,ED4,test
ED4/3/204.png,2,3,hospital,ED4,test
ED4/3/205.png,2,3,hospital,ED4,test
ED4/3/206.png,2,3,hospital,ED4,test
ED4/3/207.png,2,3,hospital,ED4,test
ED4/3/208.png,2,3,hospital,ED4,test
ED4/3/209.png,2,3,hospital,ED4,test
ED4/3/21.png,2,3,hospital,ED4,test
ED4/3/210.png,2,3,hospital,ED4,test
ED4/3/211.png,2,3,hospital,ED4,test
ED4/3/212.png,2,3,hospital,ED4,test
ED4/3/213.png,2,3,hospital,ED4,test
ED4/3/214.png,2,3,hospital,ED4,test
ED4/3/215.png,2,3,hospital,ED4,test
ED4/3/216.png,2,3,hospital,ED4,test
ED4/3/217.png,2,3,hospital,ED4,test
ED4/3/218.png,2,3,hospital,ED4,test
ED4/3/219.png,2,3,hospital,ED4,test
ED4/3/22.png,2,3,hospital,ED4,test
ED4/3/220.png,2,3,hospital,ED4,test
ED4/3/221.png,2,3,hospital,ED4,test
ED4/3/222.png,2,3,hospital,ED4,test
ED4/3/223.png,2,3,hospital,ED4,test
ED4/3/224.png,2,3,hospital,ED4,test
ED4/3/225.png,2,3,hospital,ED4,test
ED4/3/226.png,2,3,hospital,ED4,test
ED4/3/227.png,2,3,hospital,ED4,test
ED4/3/228.png,2,3,hospital,ED4,test
ED4/3/229.png,2,3,hospital,ED4,test
ED4/3/23.png,2,3,hospital,ED4,test
ED4/3/230.png,2,3,hospital,ED4,test
ED4/3/231.png,2,3,hospital,ED4,test
ED4/3/232.png,2,3,hospital,ED4,test
ED4/3/233.png,2,3,hospital,ED4,test
ED4/3/234.png,2,3,hospital,ED4,test
ED4/3/235.png,2,3,hospital,ED4,test
ED4/3/236.png,2,3,hospital,ED4,test
ED4/3/237.png,2,3,hospital,ED4,test
ED4/3/238.png,2,3,hospital,ED4,test
ED4/3/239.png,2,3,hospital,ED4,test
ED4/3/24.png,2,3,hospital,ED4,test
ED4/3/240.png,2,3,hospital,ED4,test
ED4/3/241.png,2,3,hospital,ED4,test
ED4/3/242.png,2,3,hospital,ED4,test
ED4/3/243.png,2,3,hospital,ED4,test
ED4/3/244.png,2,3,hospital,ED4,test
ED4/3/245.png,2,3,hospital,ED4,test
ED4/3/246.png,2,3,hospital,ED4,test
ED4/3/247.png,2,3,hospital,ED4,test
ED4/3/248.png,2,3,hospital,ED4,test
ED4/3/249.png,2,3,hospital,ED4,test
ED4/3/25.png,2,3,hospital,ED4,test
ED4/3/250.png,2,3,hospital,ED4,test
ED4/3/251.png,2,3,hospital,ED4,test
ED4/3/252.png,2,3,hospital,ED4,test
ED4/3/253.png,2,3,hospital,ED4,test
ED4/3/254.png,2,3,hospital,ED4,test
ED4/3/255.png,2,3,hospital,ED4,test
ED4/3/256.png,2,3,hospital,ED4,test
ED4/3/257.png,2,3,hospital,ED4,test
ED4/3/258.png,2,3,hospital,ED4,test
ED4/3/259.png,2,3,hospital,ED4,test
ED4/3/26.png,2,3,hospital,ED4,test
ED4/3/260.png,2,3,hospital,ED4,test
ED4/3/261.png,2,3,hospital,ED4,test
ED4/3/262.png,2,3,hospital,ED4,test
ED4/3/263.png,2,3,hospital,ED4,test
ED4/3/264.png,2,3,hospital,ED4,test
ED4/3/265.png,2,3,hospital,ED4,test
ED4/3/266.png,2,3,hospital,ED4,test
ED4/3/267.png,2,3,hospital,ED4,test
ED4/3/268.png,2,3,hospital,ED4,test
ED4/3/269.png,2,3,hospital,ED4,test
ED4/3/27.png,2,3,hospital,ED4,test
ED4/3/270.png,2,3,hospital,ED4,test
ED4/3/271.png,2,3,hospital,ED4,test
ED4/3/272.png,2,3,hospital,ED4,test
ED4/3/273.png,2,3,hospital,ED4,test
ED4/3/274.png,2,3,hospital,ED4,test
ED4/3/275.png,2,3,hospital,ED4,test
ED4/3/276.png,2,3,hospital,ED4,test
ED4/3/277.png,2,3,hospital,ED4,test
ED4/3/278.png,2,3,hospital,ED4,test
ED4/3/279.png,2,3,hospital,ED4,test
ED4/3/28.png,2,3,hospital,ED4,test
ED4/3/280.png,2,3,hospital,ED4,test
ED4/3/281.png,2,3,hospital,ED4,test
ED4/3/282.png,2,3,hospital,ED4,test
ED4/3/283.png,2,3,hospital,ED4,test
ED4/3/284.png,2,3,hospital,ED4,test
ED4/3/285.png,2,3,hospital,ED4,test
ED4/3/286.png,2,3,hospital,ED4,test
ED4/3/287.png,2,3,hospital,ED4,test
ED4/3/288.png,2,3,hospital,ED4,test
ED4/3/289.png,2,3,hospital,ED4,test
ED4/3/29.png,2,3,hospital,ED4,test
ED4/3/290.png,2,3,hospital,ED4,test
ED4/3/291.png,2,3,hospital,ED4,test
ED4/3/292.png,2,3,hospital,ED4,test
ED4/3/293.png,2,3,hospital,ED4,test
ED4/3/294.png,2,3,hospital,ED4,test
ED4/3/295.png,2,3,hospital,ED4,test
ED4/3/296.png,2,3,hospital,ED4,test
ED4/3/297.png,2,3,hospital,ED4,test
ED4/3/298.png,2,3,hospital,ED4,test
ED4/3/299.png,2,3,hospital,ED4,test
ED4/3/3.png,2,3,hospital,ED4,test
ED4/3/30.png,2,3,hospital,ED4,test
ED4/3/300.png,2,3,hospital,ED4,test
ED4/3/301.png,2,3,hospital,ED4,test
ED4/3/302.png,2,3,hospital,ED4,test
ED4/3/303.png,2,3,hospital,ED4,test
ED4/3/304.png,2,3,hospital,ED4,test
ED4/3/305.png,2,3,hospital,ED4,test
ED4/3/306.png,2,3,hospital,ED4,test
ED4/3/307.png,2,3,hospital,ED4,test
ED4/3/308.png,2,3,hospital,ED4,test
ED4/3/309.png,2,3,hospital,ED4,test
ED4/3/31.png,2,3,hospital,ED4,test
ED4/3/310.png,2,3,hospital,ED4,test
ED4/3/311.png,2,3,hospital,ED4,test
ED4/3/312.png,2,3,hospital,ED4,test
ED4/3/313.png,2,3,hospital,ED4,test
ED4/3/314.png,2,3,hospital,ED4,test
ED4/3/315.png,2,3,hospital,ED4,test
ED4/3/316.png,2,3,hospital,ED4,test
ED4/3/317.png,2,3,hospital,ED4,test
ED4/3/318.png,2,3,hospital,ED4,test
ED4/3/319.png,2,3,hospital,ED4,test
ED4/3/32.png,2,3,hospital,ED4,test
ED4/3/320.png,2,3,hospital,ED4,test
ED4/3/321.png,2,3,hospital,ED4,test
ED4/3/322.png,2,3,hospital,ED4,test
ED4/3/323.png,2,3,hospital,ED4,test
ED4/3/324.png,2,3,hospital,ED4,test
ED4/3/325.png,2,3,hospital,ED4,test
ED4/3/326.png,2,3,hospital,ED4,test
ED4/3/327.png,2,3,hospital,ED4,test
ED4/3/328.png,2,3,hospital,ED4,test
ED4/3/329.png,2,3,hospital,ED4,test
ED4/3/33.png,2,3,hospital,ED4,test
ED4/3/330.png,2,3,hospital,ED4,test
ED4/3/331.png,2,3,hospital,ED4,test
ED4/3/332.png,2,3,hospital,ED4,test
ED4/3/333.png,2,3,hospital,ED4,test
ED4/3/334.png,2,3,hospital,ED4,test
ED4/3/335.png,2,3,hospital,ED4,test
ED4/3/336.png,2,3,hospital,ED4,test
ED4/3/337.png,2,3,hospital,ED4,test
ED4/3/338.png,2,3,hospital,ED4,test
ED4/3/339.png,2,3,hospital,ED4,test
ED4/3/34.png,2,3,hospital,ED4,test
ED4/3/340.png,2,3,hospital,ED4,test
ED4/3/341.png,2,3,hospital,ED4,test
ED4/3/342.png,2,3,hospital,ED4,test
ED4/3/343.png,2,3,hospital,ED4,test
ED4/3/344.png,2,3,hospital,ED4,test
ED4/3/345.png,2,3,hospital,ED4,test
ED4/3/346.png,2,3,hospital,ED4,test
ED4/3/347.png,2,3,hospital,ED4,test
ED4/3/348.png,2,3,hospital,ED4,test
ED4/3/349.png,2,3,hospital,ED4,test
ED4/3/35.png,2,3,hospital,ED4,test
ED4/3/350.png,2,3,hospital,ED4,test
ED4/3/351.png,2,3,hospital,ED4,test
ED4/3/352.png,2,3,hospital,ED4,test
ED4/3/353.png,2,3,hospital,ED4,test
ED4/3/354.png,2,3,hospital,ED4,test
ED4/3/355.png,2,3,hospital,ED4,test
ED4/3/356.png,2,3,hospital,ED4,test
ED4/3/357.png,2,3,hospital,ED4,test
ED4/3/358.png,2,3,hospital,ED4,test
ED4/3/359.png,2,3,hospital,ED4,test
ED4/3/36.png,2,3,hospital,ED4,test
ED4/3/360.png,2,3,hospital,ED4,test
ED4/3/361.png,2,3,hospital,ED4,test
ED4/3/362.png,2,3,hospital,ED4,test
ED4/3/363.png,2,3,hospital,ED4,test
ED4/3/364.png,2,3,hospital,ED4,test
ED4/3/365.png,2,3,hospital,ED4,test
ED4/3/366.png,2,3,hospital,ED4,test
ED4/3/367.png,2,3,hospital,ED4,test
ED4/3/368.png,2,3,hospital,ED4,test
ED4/3/369.png,2,3,hospital,ED4,test
ED4/3/37.png,2,3,hospital,ED4,test
ED4/3/370.png,2,3,hospital,ED4,test
ED4/3/371.png,2,3,hospital,ED4,test
ED4/3/372.png,2,3,hospital,ED4,test
ED4/3/373.png,2,3,hospital,ED4,test
ED4/3/374.png,2,3,hospital,ED4,test
ED4/3/375.png,2,3,hospital,ED4,test
ED4/3/376.png,2,3,hospital,ED4,test
ED4/3/377.png,2,3,hospital,ED4,test
ED4/3/378.png,2,3,hospital,ED4,test
ED4/3/379.png,2,3,hospital,ED4,test
ED4/3/38.png,2,3,hospital,ED4,test
ED4/3/380.png,2,3,hospital,ED4,test
ED4/3/381.png,2,3,hospital,ED4,test
ED4/3/382.png,2,3,hospital,ED4,test
ED4/3/383.png,2,3,hospital,ED4,test
ED4/3/384.png,2,3,hospital,ED4,test
ED4/3/385.png,2,3,hospital,ED4,test
ED4/3/386.png,2,3,hospital,ED4,test
ED4/3/387.png,2,3,hospital,ED4,test
ED4/3/388.png,2,3,hospital,ED4,test
ED4/3/389.png,2,3,hospital,ED4,test
ED4/3/39.png,2,3,hospital,ED4,test
ED4/3/390.png,2,3,hospital,ED4,test
ED4/3/391.png,2,3,hospital,ED4,test
ED4/3/392.png,2,3,hospital,ED4,test
ED4/3/393.png,2,3,hospital,ED4,test
ED4/3/394.png,2,3,hospital,ED4,test
ED4/3/395.png,2,3,hospital,ED4,test
ED4/3/396.png,2,3,hospital,ED4,test
ED4/3/397.png,2,3,hospital,ED4,test
ED4/3/398.png,2,3,hospital,ED4,test
ED4/3/399.png,2,3,hospital,ED4,test
ED4/3/4.png,2,3,hospital,ED4,test
ED4/3/40.png,2,3,hospital,ED4,test
ED4/3/400.png,2,3,hospital,ED4,test
ED4/3/401.png,2,3,hospital,ED4,test
ED4/3/402.png,2,3,hospital,ED4,test
ED4/3/403.png,2,3,hospital,ED4,test
ED4/3/404.png,2,3,hospital,ED4,test
ED4/3/405.png,2,3,hospital,ED4,test
ED4/3/406.png,2,3,hospital,ED4,test
ED4/3/407.png,2,3,hospital,ED4,test
ED4/3/408.png,2,3,hospital,ED4,test
ED4/3/409.png,2,3,hospital,ED4,test
ED4/3/41.png,2,3,hospital,ED4,test
ED4/3/410.png,2,3,hospital,ED4,test
ED4/3/411.png,2,3,hospital,ED4,test
ED4/3/412.png,2,3,hospital,ED4,test
ED4/3/413.png,2,3,hospital,ED4,test
ED4/3/414.png,2,3,hospital,ED4,test
ED4/3/415.png,2,3,hospital,ED4,test
ED4/3/416.png,2,3,hospital,ED4,test
ED4/3/417.png,2,3,hospital,ED4,test
ED4/3/418.png,2,3,hospital,ED4,test
ED4/3/419.png,2,3,hospital,ED4,test
ED4/3/42.png,2,3,hospital,ED4,test
ED4/3/420.png,2,3,hospital,ED4,test
ED4/3/421.png,2,3,hospital,ED4,test
ED4/3/422.png,2,3,hospital,ED4,test
ED4/3/423.png,2,3,hospital,ED4,test
ED4/3/424.png,2,3,hospital,ED4,test
ED4/3/425.png,2,3,hospital,ED4,test
ED4/3/426.png,2,3,hospital,ED4,test
ED4/3/427.png,2,3,hospital,ED4,test
ED4/3/428.png,2,3,hospital,ED4,test
ED4/3/429.png,2,3,hospital,ED4,test
ED4/3/43.png,2,3,hospital,ED4,test
ED4/3/430.png,2,3,hospital,ED4,test
ED4/3/431.png,2,3,hospital,ED4,test
ED4/3/432.png,2,3,hospital,ED4,test
ED4/3/433.png,2,3,hospital,ED4,test
ED4/3/434.png,2,3,hospital,ED4,test
ED4/3/435.png,2,3,hospital,ED4,test
ED4/3/436.png,2,3,hospital,ED4,test
ED4/3/437.png,2,3,hospital,ED4,test
ED4/3/438.png,2,3,hospital,ED4,test
ED4/3/439.png,2,3,hospital,ED4,test
ED4/3/44.png,2,3,hospital,ED4,test
ED4/3/440.png,2,3,hospital,ED4,test
ED4/3/441.png,2,3,hospital,ED4,test
ED4/3/442.png,2,3,hospital,ED4,test
ED4/3/443.png,2,3,hospital,ED4,test
ED4/3/444.png,2,3,hospital,ED4,test
ED4/3/445.png,2,3,hospital,ED4,test
ED4/3/446.png,2,3,hospital,ED4,test
ED4/3/447.png,2,3,hospital,ED4,test
ED4/3/448.png,2,3,hospital,ED4,test
ED4/3/449.png,2,3,hospital,ED4,test
ED4/3/45.png,2,3,hospital,ED4,test
ED4/3/450.png,2,3,hospital,ED4,test
ED4/3/451.png,2,3,hospital,ED4,test
ED4/3/452.png,2,3,hospital,ED4,test
ED4/3/453.png,2,3,hospital,ED4,test
ED4/3/454.png,2,3,hospital,ED4,test
ED4/3/455.png,2,3,hospital,ED4,test
ED4/3/456.png,2,3,hospital,ED4,test
ED4/3/457.png,2,3,hospital,ED4,test
ED4/3/458.png,2,3,hospital,ED4,test
ED4/3/459.png,2,3,hospital,ED4,test
ED4/3/46.png,2,3,hospital,ED4,test
ED4/3/460.png,2,3,hospital,ED4,test
ED4/3/461.png,2,3,hospital,ED4,test
ED4/3/462.png,2,3,hospital,ED4,test
ED4/3/463.png,2,3,hospital,ED4,test
ED4/3/464.png,2,3,hospital,ED4,test
ED4/3/465.png,2,3,hospital,ED4,test
ED4/3/466.png,2,3,hospital,ED4,test
ED4/3/467.png,2,3,hospital,ED4,test
ED4/3/468.png,2,3,hospital,ED4,test
ED4/3/469.png,2,3,hospital,ED4,test
ED4/3/47.png,2,3,hospital,ED4,test
ED4/3/470.png,2,3,hospital,ED4,test
ED4/3/471.png,2,3,hospital,ED4,test
ED4/3/472.png,2,3,hospital,ED4,test
ED4/3/48.png,2,3,hospital,ED4,test
ED4/3/49.png,2,3,hospital,ED4,test
ED4/3/5.png,2,3,hospital,ED4,test
ED4/3/50.png,2,3,hospital,ED4,test
ED4/3/51.png,2,3,hospital,ED4,test
ED4/3/52.png,2,3,hospital,ED4,test
ED4/3/53.png,2,3,hospital,ED4,test
ED4/3/54.png,2,3,hospital,ED4,test
ED4/3/55.png,2,3,hospital,ED4,test
ED4/3/56.png,2,3,hospital,ED4,test
ED4/3/57.png,2,3,hospital,ED4,test
ED4/3/58.png,2,3,hospital,ED4,test
ED4/3/59.png,2,3,hospital,ED4,test
ED4/3/6.png,2,3,hospital,ED4,test
ED4/3/60.png,2,3,hospital,ED4,test
ED4/3/61.png,2,3,hospital,ED4,test
ED4/3/62.png,2,3,hospital,ED4,test
ED4/3/63.png,2,3,hospital,ED4,test
ED4/3/64.png,2,3,hospital,ED4,test
ED4/3/65.png,2,3,hospital,ED4,test
ED4/3/66.png,2,3,hospital,ED4,test
ED4/3/67.png,2,3,hospital,ED4,test
ED4/3/68.png,2,3,hospital,ED4,test
ED4/3/69.png,2,3,hospital,ED4,test
ED4/3/7.png,2,3,hospital,ED4,test
ED4/3/70.png,2,3,hospital,ED4,test
ED4/3/71.png,2,3,hospital,ED4,test
ED4/3/72.png,2,3,hospital,ED4,test
ED4/3/73.png,2,3,hospital,ED4,test
ED4/3/74.png,2,3,hospital,ED4,test
ED4/3/75.png,2,3,hospital,ED4,test
ED4/3/76.png,2,3,hospital,ED4,test
ED4/3/77.png,2,3,hospital,ED4,test
ED4/3/78.png,2,3,hospital,ED4,test
ED4/3/79.png,2,3,hospital,ED4,test
ED4/3/8.png,2,3,hospital,ED4,test
ED4/3/80.png,2,3,hospital,ED4,test
ED4/3/81.png,2,3,hospital,ED4,test
ED4/3/82.png,2,3,hospital,ED4,test
ED4/3/83.png,2,3,hospital,ED4,test
ED4/3/84.png,2,3,hospital,ED4,test
ED4/3/85.png,2,3,hospital,ED4,test
ED4/3/86.png,2,3,hospital,ED4,test
ED4/3/87.png,2,3,hospital,ED4,test
ED4/3/88.png,2,3,hospital,ED4,test
ED4/3/89.png,2,3,hospital,ED4,test
ED4/3/9.png,2,3,hospital,ED4,test
ED4/3/90.png,2,3,hospital,ED4,test
ED4/3/91.png,2,3,hospital,ED4,test
ED4/3/92.png,2,3,hospital,ED4,test
ED4/3/93.png,2,3,hospital,ED4,test
ED4/3/94.png,2,3,hospital,ED4,test
ED4/3/95.png,2,3,hospital,ED4,test
ED4/3/96.png,2,3,hospital,ED4,test
ED4/3/97.png,2,3,hospital,ED4,test
ED4/3/98.png,2,3,hospital,ED4,test
ED4/3/99.png,2,3,hospital,ED4,test
ED4/4/0.png,3,4,hospital,ED4,test
ED4/4/1.png,3,4,hospital,ED4,test
ED4/4/10.png,3,4,hospital,ED4,test
ED4/4/100.png,3,4,hospital,ED4,test
ED4/4/101.png,3,4,hospital,ED4,test
ED4/4/102.png,3,4,hospital,ED4,test
ED4/4/103.png,3,4,hospital,ED4,test
ED4/4/104.png,3,4,hospital,ED4,test
ED4/4/105.png,3,4,hospital,ED4,test
ED4/4/106.png,3,4,hospital,ED4,test
ED4/4/107.png,3,4,hospital,ED4,test
ED4/4/108.png,3,4,hospital,ED4,test
ED4/4/109.png,3,4,hospital,ED4,test
ED4/4/11.png,3,4,hospital,ED4,test
ED4/4/110.png,3,4,hospital,ED4,test
ED4/4/111.png,3,4,hospital,ED4,test
ED4/4/112.png,3,4,hospital,ED4,test
ED4/4/113.png,3,4,hospital,ED4,test
ED4/4/114.png,3,4,hospital,ED4,test
ED4/4/115.png,3,4,hospital,ED4,test
ED4/4/116.png,3,4,hospital,ED4,test
ED4/4/117.png,3,4,hospital,ED4,test
ED4/4/118.png,3,4,hospital,ED4,test
ED4/4/119.png,3,4,hospital,ED4,test
ED4/4/12.png,3,4,hospital,ED4,test
ED4/4/120.png,3,4,hospital,ED4,test
ED4/4/121.png,3,4,hospital,ED4,test
ED4/4/122.png,3,4,hospital,ED4,test
ED4/4/123.png,3,4,hospital,ED4,test
ED4/4/124.png,3,4,hospital,ED4,test
ED4/4/125.png,3,4,hospital,ED4,test
ED4/4/126.png,3,4,hospital,ED4,test
ED4/4/127.png,3,4,hospital,ED4,test
ED4/4/128.png,3,4,hospital,ED4,test
ED4/4/129.png,3,4,hospital,ED4,test
ED4/4/13.png,3,4,hospital,ED4,test
ED4/4/130.png,3,4,hospital,ED4,test
ED4/4/131.png,3,4,hospital,ED4,test
ED4/4/132.png,3,4,hospital,ED4,test
ED4/4/133.png,3,4,hospital,ED4,test
ED4/4/134.png,3,4,hospital,ED4,test
ED4/4/135.png,3,4,hospital,ED4,test
ED4/4/136.png,3,4,hospital,ED4,test
ED4/4/137.png,3,4,hospital,ED4,test
ED4/4/138.png,3,4,hospital,ED4,test
ED4/4/139.png,3,4,hospital,ED4,test
ED4/4/14.png,3,4,hospital,ED4,test
ED4/4/140.png,3,4,hospital,ED4,test
ED4/4/141.png,3,4,hospital,ED4,test
ED4/4/142.png,3,4,hospital,ED4,test
ED4/4/143.png,3,4,hospital,ED4,test
ED4/4/144.png,3,4,hospital,ED4,test
ED4/4/145.png,3,4,hospital,ED4,test
ED4/4/146.png,3,4,hospital,ED4,test
ED4/4/147.png,3,4,hospital,ED4,test
ED4/4/148.png,3,4,hospital,ED4,test
ED4/4/149.png,3,4,hospital,ED4,test
ED4/4/15.png,3,4,hospital,ED4,test
ED4/4/150.png,3,4,hospital,ED4,test
ED4/4/151.png,3,4,hospital,ED4,test
ED4/4/152.png,3,4,hospital,ED4,test
ED4/4/153.png,3,4,hospital,ED4,test
ED4/4/154.png,3,4,hospital,ED4,test
ED4/4/155.png,3,4,hospital,ED4,test
ED4/4/156.png,3,4,hospital,ED4,test
ED4/4/157.png,3,4,hospital,ED4,test
ED4/4/158.png,3,4,hospital,ED4,test
ED4/4/159.png,3,4,hospital,ED4,test
ED4/4/16.png,3,4,hospital,ED4,test
ED4/4/160.png,3,4,hospital,ED4,test
ED4/4/161.png,3,4,hospital,ED4,test
ED4/4/162.png,3,4,hospital,ED4,test
ED4/4/163.png,3,4,hospital,ED4,test
ED4/4/164.png,3,4,hospital,ED4,test
ED4/4/165.png,3,4,hospital,ED4,test
ED4/4/166.png,3,4,hospital,ED4,test
ED4/4/167.png,3,4,hospital,ED4,test
ED4/4/168.png,3,4,hospital,ED4,test
ED4/4/169.png,3,4,hospital,ED4,test
ED4/4/17.png,3,4,hospital,ED4,test
ED4/4/170.png,3,4,hospital,ED4,test
ED4/4/171.png,3,4,hospital,ED4,test
ED4/4/172.png,3,4,hospital,ED4,test
ED4/4/173.png,3,4,hospital,ED4,test
ED4/4/174.png,3,4,hospital,ED4,test
ED4/4/175.png,3,4,hospital,ED4,test
ED4/4/176.png,3,4,hospital,ED4,test
ED4/4/177.png,3,4,hospital,ED4,test
ED4/4/178.png,3,4,hospital,ED4,test
ED4/4/179.png,3,4,hospital,ED4,test
ED4/4/18.png,3,4,hospital,ED4,test
ED4/4/180.png,3,4,hospital,ED4,test
ED4/4/181.png,3,4,hospital,ED4,test
ED4/4/182.png,3,4,hospital,ED4,test
ED4/4/183.png,3,4,hospital,ED4,test
ED4/4/184.png,3,4,hospital,ED4,test
ED4/4/185.png,3,4,hospital,ED4,test
ED4/4/186.png,3,4,hospital,ED4,test
ED4/4/187.png,3,4,hospital,ED4,test
ED4/4/188.png,3,4,hospital,ED4,test
ED4/4/189.png,3,4,hospital,ED4,test
ED4/4/19.png,3,4,hospital,ED4,test
ED4/4/190.png,3,4,hospital,ED4,test
ED4/4/191.png,3,4,hospital,ED4,test
ED4/4/192.png,3,4,hospital,ED4,test
ED4/4/193.png,3,4,hospital,ED4,test
ED4/4/194.png,3,4,hospital,ED4,test
ED4/4/195.png,3,4,hospital,ED4,test
ED4/4/196.png,3,4,hospital,ED4,test
ED4/4/197.png,3,4,hospital,ED4,test
ED4/4/198.png,3,4,hospital,ED4,test
ED4/4/199.png,3,4,hospital,ED4,test
ED4/4/2.png,3,4,hospital,ED4,test
ED4/4/20.png,3,4,hospital,ED4,test
ED4/4/200.png,3,4,hospital,ED4,test
ED4/4/201.png,3,4,hospital,ED4,test
ED4/4/202.png,3,4,hospital,ED4,test
ED4/4/203.png,3,4,hospital,ED4,test
ED4/4/204.png,3,4,hospital,ED4,test
ED4/4/205.png,3,4,hospital,ED4,test
ED4/4/206.png,3,4,hospital,ED4,test
ED4/4/207.png,3,4,hospital,ED4,test
ED4/4/208.png,3,4,hospital,ED4,test
ED4/4/209.png,3,4,hospital,ED4,test
ED4/4/21.png,3,4,hospital,ED4,test
ED4/4/210.png,3,4,hospital,ED4,test
ED4/4/211.png,3,4,hospital,ED4,test
ED4/4/212.png,3,4,hospital,ED4,test
ED4/4/213.png,3,4,hospital,ED4,test
ED4/4/214.png,3,4,hospital,ED4,test
ED4/4/215.png,3,4,hospital,ED4,test
ED4/4/216.png,3,4,hospital,ED4,test
ED4/4/217.png,3,4,hospital,ED4,test
ED4/4/218.png,3,4,hospital,ED4,test
ED4/4/219.png,3,4,hospital,ED4,test
ED4/4/22.png,3,4,hospital,ED4,test
ED4/4/220.png,3,4,hospital,ED4,test
ED4/4/221.png,3,4,hospital,ED4,test
ED4/4/222.png,3,4,hospital,ED4,test
ED4/4/223.png,3,4,hospital,ED4,test
ED4/4/224.png,3,4,hospital,ED4,test
ED4/4/225.png,3,4,hospital,ED4,test
ED4/4/226.png,3,4,hospital,ED4,test
ED4/4/227.png,3,4,hospital,ED4,test
ED4/4/228.png,3,4,hospital,ED4,test
ED4/4/229.png,3,4,hospital,ED4,test
ED4/4/23.png,3,4,hospital,ED4,test
ED4/4/230.png,3,4,hospital,ED4,test
ED4/4/231.png,3,4,hospital,ED4,test
ED4/4/232.png,3,4,hospital,ED4,test
ED4/4/233.png,3,4,hospital,ED4,test
ED4/4/234.png,3,4,hospital,ED4,test
ED4/4/235.png,3,4,hospital,ED4,test
ED4/4/236.png,3,4,hospital,ED4,test
ED4/4/237.png,3,4,hospital,ED4,test
ED4/4/238.png,3,4,hospital,ED4,test
ED4/4/239.png,3,4,hospital,ED4,test
ED4/4/24.png,3,4,hospital,ED4,test
ED4/4/240.png,3,4,hospital,ED4,test
ED4/4/241.png,3,4,hospital,ED4,test
ED4/4/242.png,3,4,hospital,ED4,test
ED4/4/243.png,3,4,hospital,ED4,test
ED4/4/244.png,3,4,hospital,ED4,test
ED4/4/245.png,3,4,hospital,ED4,test
ED4/4/246.png,3,4,hospital,ED4,test
ED4/4/247.png,3,4,hospital,ED4,test
ED4/4/248.png,3,4,hospital,ED4,test
ED4/4/249.png,3,4,hospital,ED4,test
ED4/4/25.png,3,4,hospital,ED4,test
ED4/4/250.png,3,4,hospital,ED4,test
ED4/4/251.png,3,4,hospital,ED4,test
ED4/4/252.png,3,4,hospital,ED4,test
ED4/4/253.png,3,4,hospital,ED4,test
ED4/4/254.png,3,4,hospital,ED4,test
ED4/4/255.png,3,4,hospital,ED4,test
ED4/4/256.png,3,4,hospital,ED4,test
ED4/4/257.png,3,4,hospital,ED4,test
ED4/4/258.png,3,4,hospital,ED4,test
ED4/4/259.png,3,4,hospital,ED4,test
ED4/4/26.png,3,4,hospital,ED4,test
ED4/4/260.png,3,4,hospital,ED4,test
ED4/4/261.png,3,4,hospital,ED4,test
ED4/4/262.png,3,4,hospital,ED4,test
ED4/4/263.png,3,4,hospital,ED4,test
ED4/4/264.png,3,4,hospital,ED4,test
ED4/4/265.png,3,4,hospital,ED4,test
ED4/4/266.png,3,4,hospital,ED4,test
ED4/4/267.png,3,4,hospital,ED4,test
ED4/4/268.png,3,4,hospital,ED4,test
ED4/4/269.png,3,4,hospital,ED4,test
ED4/4/27.png,3,4,hospital,ED4,test
ED4/4/270.png,3,4,hospital,ED4,test
ED4/4/271.png,3,4,hospital,ED4,test
ED4/4/272.png,3,4,hospital,ED4,test
ED4/4/273.png,3,4,hospital,ED4,test
ED4/4/274.png,3,4,hospital,ED4,test
ED4/4/275.png,3,4,hospital,ED4,test
ED4/4/276.png,3,4,hospital,ED4,test
ED4/4/277.png,3,4,hospital,ED4,test
ED4/4/278.png,3,4,hospital,ED4,test
ED4/4/279.png,3,4,hospital,ED4,test
ED4/4/28.png,3,4,hospital,ED4,test
ED4/4/280.png,3,4,hospital,ED4,test
ED4/4/281.png,3,4,hospital,ED4,test
ED4/4/282.png,3,4,hospital,ED4,test
ED4/4/283.png,3,4,hospital,ED4,test
ED4/4/284.png,3,4,hospital,ED4,test
ED4/4/285.png,3,4,hospital,ED4,test
ED4/4/286.png,3,4,hospital,ED4,test
ED4/4/287.png,3,4,hospital,ED4,test
ED4/4/288.png,3,4,hospital,ED4,test
ED4/4/289.png,3,4,hospital,ED4,test
ED4/4/29.png,3,4,hospital,ED4,test
ED4/4/290.png,3,4,hospital,ED4,test
ED4/4/291.png,3,4,hospital,ED4,test
ED4/4/292.png,3,4,hospital,ED4,test
ED4/4/293.png,3,4,hospital,ED4,test
ED4/4/294.png,3,4,hospital,ED4,test
ED4/4/295.png,3,4,hospital,ED4,test
ED4/4/296.png,3,4,hospital,ED4,test
ED4/4/297.png,3,4,hospital,ED4,test
ED4/4/298.png,3,4,hospital,ED4,test
ED4/4/299.png,3,4,hospital,ED4,test
ED4/4/3.png,3,4,hospital,ED4,test
ED4/4/30.png,3,4,hospital,ED4,test
ED4/4/300.png,3,4,hospital,ED4,test
ED4/4/301.png,3,4,hospital,ED4,test
ED4/4/302.png,3,4,hospital,ED4,test
ED4/4/303.png,3,4,hospital,ED4,test
ED4/4/304.png,3,4,hospital,ED4,test
ED4/4/305.png,3,4,hospital,ED4,test
ED4/4/306.png,3,4,hospital,ED4,test
ED4/4/307.png,3,4,hospital,ED4,test
ED4/4/308.png,3,4,hospital,ED4,test
ED4/4/309.png,3,4,hospital,ED4,test
ED4/4/31.png,3,4,hospital,ED4,test
ED4/4/310.png,3,4,hospital,ED4,test
ED4/4/311.png,3,4,hospital,ED4,test
ED4/4/312.png,3,4,hospital,ED4,test
ED4/4/313.png,3,4,hospital,ED4,test
ED4/4/314.png,3,4,hospital,ED4,test
ED4/4/315.png,3,4,hospital,ED4,test
ED4/4/316.png,3,4,hospital,ED4,test
ED4/4/317.png,3,4,hospital,ED4,test
ED4/4/318.png,3,4,hospital,ED4,test
ED4/4/319.png,3,4,hospital,ED4,test
ED4/4/32.png,3,4,hospital,ED4,test
ED4/4/320.png,3,4,hospital,ED4,test
ED4/4/321.png,3,4,hospital,ED4,test
ED4/4/322.png,3,4,hospital,ED4,test
ED4/4/323.png,3,4,hospital,ED4,test
ED4/4/324.png,3,4,hospital,ED4,test
ED4/4/325.png,3,4,hospital,ED4,test
ED4/4/326.png,3,4,hospital,ED4,test
ED4/4/327.png,3,4,hospital,ED4,test
ED4/4/328.png,3,4,hospital,ED4,test
ED4/4/329.png,3,4,hospital,ED4,test
ED4/4/33.png,3,4,hospital,ED4,test
ED4/4/330.png,3,4,hospital,ED4,test
ED4/4/331.png,3,4,hospital,ED4,test
ED4/4/332.png,3,4,hospital,ED4,test
ED4/4/333.png,3,4,hospital,ED4,test
ED4/4/334.png,3,4,hospital,ED4,test
ED4/4/335.png,3,4,hospital,ED4,test
ED4/4/336.png,3,4,hospital,ED4,test
ED4/4/337.png,3,4,hospital,ED4,test
ED4/4/338.png,3,4,hospital,ED4,test
ED4/4/339.png,3,4,hospital,ED4,test
ED4/4/34.png,3,4,hospital,ED4,test
ED4/4/340.png,3,4,hospital,ED4,test
ED4/4/341.png,3,4,hospital,ED4,test
ED4/4/342.png,3,4,hospital,ED4,test
ED4/4/343.png,3,4,hospital,ED4,test
ED4/4/344.png,3,4,hospital,ED4,test
ED4/4/345.png,3,4,hospital,ED4,test
ED4/4/346.png,3,4,hospital,ED4,test
ED4/4/347.png,3,4,hospital,ED4,test
ED4/4/348.png,3,4,hospital,ED4,test
ED4/4/349.png,3,4,hospital,ED4,test
ED4/4/35.png,3,4,hospital,ED4,test
ED4/4/350.png,3,4,hospital,ED4,test
ED4/4/351.png,3,4,hospital,ED4,test
ED4/4/352.png,3,4,hospital,ED4,test
ED4/4/353.png,3,4,hospital,ED4,test
ED4/4/354.png,3,4,hospital,ED4,test
ED4/4/355.png,3,4,hospital,ED4,test
ED4/4/356.png,3,4,hospital,ED4,test
ED4/4/357.png,3,4,hospital,ED4,test
ED4/4/358.png,3,4,hospital,ED4,test
ED4/4/359.png,3,4,hospital,ED4,test
ED4/4/36.png,3,4,hospital,ED4,test
ED4/4/360.png,3,4,hospital,ED4,test
ED4/4/361.png,3,4,hospital,ED4,test
ED4/4/362.png,3,4,hospital,ED4,test
ED4/4/363.png,3,4,hospital,ED4,test
ED4/4/364.png,3,4,hospital,ED4,test
ED4/4/365.png,3,4,hospital,ED4,test
ED4/4/37.png,3,4,hospital,ED4,test
ED4/4/38.png,3,4,hospital,ED4,test
ED4/4/39.png,3,4,hospital,ED4,test
ED4/4/4.png,3,4,hospital,ED4,test
ED4/4/40.png,3,4,hospital,ED4,test
ED4/4/41.png,3,4,hospital,ED4,test
ED4/4/42.png,3,4,hospital,ED4,test
ED4/4/43.png,3,4,hospital,ED4,test
ED4/4/44.png,3,4,hospital,ED4,test
ED4/4/45.png,3,4,hospital,ED4,test
ED4/4/46.png,3,4,hospital,ED4,test
ED4/4/47.png,3,4,hospital,ED4,test
ED4/4/48.png,3,4,hospital,ED4,test
ED4/4/49.png,3,4,hospital,ED4,test
ED4/4/5.png,3,4,hospital,ED4,test
ED4/4/50.png,3,4,hospital,ED4,test
ED4/4/51.png,3,4,hospital,ED4,test
ED4/4/52.png,3,4,hospital,ED4,test
ED4/4/53.png,3,4,hospital,ED4,test
ED4/4/54.png,3,4,hospital,ED4,test
ED4/4/55.png,3,4,hospital,ED4,test
ED4/4/56.png,3,4,hospital,ED4,test
ED4/4/57.png,3,4,hospital,ED4,test
ED4/4/58.png,3,4,hospital,ED4,test
ED4/4/59.png,3,4,hospital,ED4,test
ED4/4/6.png,3,4,hospital,ED4,test
ED4/4/60.png,3,4,hospital,ED4,test
ED4/4/61.png,3,4,hospital,ED4,test
ED4/4/62.png,3,4,hospital,ED4,test
ED4/4/63.png,3,4,hospital,ED4,test
ED4/4/64.png,3,4,hospital,ED4,test
ED4/4/65.png,3,4,hospital,ED4,test
ED4/4/66.png,3,4,hospital,ED4,test
ED4/4/67.png,3,4,hospital,ED4,test
ED4/4/68.png,3,4,hospital,ED4,test
ED4/4/69.png,3,4,hospital,ED4,test
ED4/4/7.png,3,4,hospital,ED4,test
ED4/4/70.png,3,4,hospital,ED4,test
ED4/4/71.png,3,4,hospital,ED4,test
ED4/4/72.png,3,4,hospital,ED4,test
ED4/4/73.png,3,4,hospital,ED4,test
ED4/4/74.png,3,4,hospital,ED4,test
ED4/4/75.png,3,4,hospital,ED4,test
ED4/4/76.png,3,4,hospital,ED4,test
ED4/4/77.png,3,4,hospital,ED4,test
ED4/4/78.png,3,4,hospital,ED4,test
ED4/4/79.png,3,4,hospital,ED4,test
ED4/4/8.png,3,4,hospital,ED4,test
ED4/4/80.png,3,4,hospital,ED4,test
ED4/4/81.png,3,4,hospital,ED4,test
ED4/4/82.png,3,4,hospital,ED4,test
ED4/4/83.png,3,4,hospital,ED4,test
ED4/4/84.png,3,4,hospital,ED4,test
ED4/4/85.png,3,4,hospital,ED4,test
ED4/4/86.png,3,4,hospital,ED4,test
ED4/4/87.png,3,4,hospital,ED4,test
ED4/4/88.png,3,4,hospital,ED4,test
ED4/4/89.png,3,4,hospital,ED4,test
ED4/4/9.png,3,4,hospital,ED4,test
ED4/4/90.png,3,4,hospital,ED4,test
ED4/4/91.png,3,4,hospital,ED4,test
ED4/4/92.png,3,4,hospital,ED4,test
ED4/4/93.png,3,4,hospital,ED4,test
ED4/4/94.png,3,4,hospital,ED4,test
ED4/4/95.png,3,4,hospital,ED4,test
ED4/4/96.png,3,4,hospital,ED4,test
ED4/4/97.png,3,4,hospital,ED4,test
ED4/4/98.png,3,4,hospital,ED4,test
ED4/4/99.png,3,4,hospital,ED4,test
ED4/5/0.png,4,5,hospital,ED4,test
ED4/5/1.png,4,5,hospital,ED4,test
ED4/5/10.png,4,5,hospital,ED4,test
ED4/5/100.png,4,5,hospital,ED4,test
ED4/5/101.png,4,5,hospital,ED4,test
ED4/5/102.png,4,5,hospital,ED4,test
ED4/5/103.png,4,5,hospital,ED4,test
ED4/5/104.png,4,5,hospital,ED4,test
ED4/5/105.png,4,5,hospital,ED4,test
ED4/5/106.png,4,5,hospital,ED4,test
ED4/5/107.png,4,5,hospital,ED4,test
ED4/5/108.png,4,5,hospital,ED4,test
ED4/5/109.png,4,5,hospital,ED4,test
ED4/5/11.png,4,5,hospital,ED4,test
ED4/5/110.png,4,5,hospital,ED4,test
ED4/5/111.png,4,5,hospital,ED4,test
ED4/5/112.png,4,5,hospital,ED4,test
ED4/5/113.png,4,5,hospital,ED4,test
ED4/5/114.png,4,5,hospital,ED4,test
ED4/5/115.png,4,5,hospital,ED4,test
ED4/5/116.png,4,5,hospital,ED4,test
ED4/5/117.png,4,5,hospital,ED4,test
ED4/5/118.png,4,5,hospital,ED4,test
ED4/5/119.png,4,5,hospital,ED4,test
ED4/5/12.png,4,5,hospital,ED4,test
ED4/5/120.png,4,5,hospital,ED4,test
ED4/5/121.png,4,5,hospital,ED4,test
ED4/5/122.png,4,5,hospital,ED4,test
ED4/5/123.png,4,5,hospital,ED4,test
ED4/5/124.png,4,5,hospital,ED4,test
ED4/5/125.png,4,5,hospital,ED4,test
ED4/5/126.png,4,5,hospital,ED4,test
ED4/5/127.png,4,5,hospital,ED4,test
ED4/5/128.png,4,5,hospital,ED4,test
ED4/5/129.png,4,5,hospital,ED4,test
ED4/5/13.png,4,5,hospital,ED4,test
ED4/5/130.png,4,5,hospital,ED4,test
ED4/5/131.png,4,5,hospital,ED4,test
ED4/5/132.png,4,5,hospital,ED4,test
ED4/5/133.png,4,5,hospital,ED4,test
ED4/5/134.png,4,5,hospital,ED4,test
ED4/5/135.png,4,5,hospital,ED4,test
ED4/5/136.png,4,5,hospital,ED4,test
ED4/5/137.png,4,5,hospital,ED4,test
ED4/5/138.png,4,5,hospital,ED4,test
ED4/5/139.png,4,5,hospital,ED4,test
ED4/5/14.png,4,5,hospital,ED4,test
ED4/5/140.png,4,5,hospital,ED4,test
ED4/5/141.png,4,5,hospital,ED4,test
ED4/5/142.png,4,5,hospital,ED4,test
ED4/5/143.png,4,5,hospital,ED4,test
ED4/5/144.png,4,5,hospital,ED4,test
ED4/5/145.png,4,5,hospital,ED4,test
ED4/5/146.png,4,5,hospital,ED4,test
ED4/5/147.png,4,5,hospital,ED4,test
ED4/5/148.png,4,5,hospital,ED4,test
ED4/5/149.png,4,5,hospital,ED4,test
ED4/5/15.png,4,5,hospital,ED4,test
ED4/5/150.png,4,5,hospital,ED4,test
ED4/5/151.png,4,5,hospital,ED4,test
ED4/5/152.png,4,5,hospital,ED4,test
ED4/5/153.png,4,5,hospital,ED4,test
ED4/5/154.png,4,5,hospital,ED4,test
ED4/5/155.png,4,5,hospital,ED4,test
ED4/5/156.png,4,5,hospital,ED4,test
ED4/5/157.png,4,5,hospital,ED4,test
ED4/5/158.png,4,5,hospital,ED4,test
ED4/5/159.png,4,5,hospital,ED4,test
ED4/5/16.png,4,5,hospital,ED4,test
ED4/5/160.png,4,5,hospital,ED4,test
ED4/5/161.png,4,5,hospital,ED4,test
ED4/5/162.png,4,5,hospital,ED4,test
ED4/5/163.png,4,5,hospital,ED4,test
ED4/5/164.png,4,5,hospital,ED4,test
ED4/5/165.png,4,5,hospital,ED4,test
ED4/5/166.png,4,5,hospital,ED4,test
ED4/5/167.png,4,5,hospital,ED4,test
ED4/5/168.png,4,5,hospital,ED4,test
ED4/5/169.png,4,5,hospital,ED4,test
ED4/5/17.png,4,5,hospital,ED4,test
ED4/5/170.png,4,5,hospital,ED4,test
ED4/5/171.png,4,5,hospital,ED4,test
ED4/5/172.png,4,5,hospital,ED4,test
ED4/5/173.png,4,5,hospital,ED4,test
ED4/5/174.png,4,5,hospital,ED4,test
ED4/5/175.png,4,5,hospital,ED4,test
ED4/5/176.png,4,5,hospital,ED4,test
ED4/5/177.png,4,5,hospital,ED4,test
ED4/5/178.png,4,5,hospital,ED4,test
ED4/5/179.png,4,5,hospital,ED4,test
ED4/5/18.png,4,5,hospital,ED4,test
ED4/5/180.png,4,5,hospital,ED4,test
ED4/5/181.png,4,5,hospital,ED4,test
ED4/5/182.png,4,5,hospital,ED4,test
ED4/5/183.png,4,5,hospital,ED4,test
ED4/5/184.png,4,5,hospital,ED4,test
ED4/5/185.png,4,5,hospital,ED4,test
ED4/5/186.png,4,5,hospital,ED4,test
ED4/5/187.png,4,5,hospital,ED4,test
ED4/5/188.png,4,5,hospital,ED4,test
ED4/5/189.png,4,5,hospital,ED4,test
ED4/5/19.png,4,5,hospital,ED4,test
ED4/5/190.png,4,5,hospital,ED4,test
ED4/5/191.png,4,5,hospital,ED4,test
ED4/5/192.png,4,5,hospital,ED4,test
ED4/5/193.png,4,5,hospital,ED4,test
ED4/5/194.png,4,5,hospital,ED4,test
ED4/5/195.png,4,5,hospital,ED4,test
ED4/5/196.png,4,5,hospital,ED4,test
ED4/5/197.png,4,5,hospital,ED4,test
ED4/5/198.png,4,5,hospital,ED4,test
ED4/5/199.png,4,5,hospital,ED4,test
ED4/5/2.png,4,5,hospital,ED4,test
ED4/5/20.png,4,5,hospital,ED4,test
ED4/5/200.png,4,5,hospital,ED4,test
ED4/5/201.png,4,5,hospital,ED4,test
ED4/5/202.png,4,5,hospital,ED4,test
ED4/5/203.png,4,5,hospital,ED4,test
ED4/5/204.png,4,5,hospital,ED4,test
ED4/5/205.png,4,5,hospital,ED4,test
ED4/5/206.png,4,5,hospital,ED4,test
ED4/5/207.png,4,5,hospital,ED4,test
ED4/5/208.png,4,5,hospital,ED4,test
ED4/5/209.png,4,5,hospital,ED4,test
ED4/5/21.png,4,5,hospital,ED4,test
ED4/5/210.png,4,5,hospital,ED4,test
ED4/5/211.png,4,5,hospital,ED4,test
ED4/5/212.png,4,5,hospital,ED4,test
ED4/5/213.png,4,5,hospital,ED4,test
ED4/5/214.png,4,5,hospital,ED4,test
ED4/5/215.png,4,5,hospital,ED4,test
ED4/5/216.png,4,5,hospital,ED4,test
ED4/5/217.png,4,5,hospital,ED4,test
ED4/5/218.png,4,5,hospital,ED4,test
ED4/5/219.png,4,5,hospital,ED4,test
ED4/5/22.png,4,5,hospital,ED4,test
ED4/5/220.png,4,5,hospital,ED4,test
ED4/5/221.png,4,5,hospital,ED4,test
ED4/5/222.png,4,5,hospital,ED4,test
ED4/5/223.png,4,5,hospital,ED4,test
ED4/5/224.png,4,5,hospital,ED4,test
ED4/5/225.png,4,5,hospital,ED4,test
ED4/5/226.png,4,5,hospital,ED4,test
ED4/5/227.png,4,5,hospital,ED4,test
ED4/5/228.png,4,5,hospital,ED4,test
ED4/5/229.png,4,5,hospital,ED4,test
ED4/5/23.png,4,5,hospital,ED4,test
ED4/5/230.png,4,5,hospital,ED4,test
ED4/5/231.png,4,5,hospital,ED4,test
ED4/5/232.png,4,5,hospital,ED4,test
ED4/5/233.png,4,5,hospital,ED4,test
ED4/5/234.png,4,5,hospital,ED4,test
ED4/5/235.png,4,5,hospital,ED4,test
ED4/5/236.png,4,5,hospital,ED4,test
ED4/5/237.png,4,5,hospital,ED4,test
ED4/5/238.png,4,5,hospital,ED4,test
ED4/5/239.png,4,5,hospital,ED4,test
ED4/5/24.png,4,5,hospital,ED4,test
ED4/5/240.png,4,5,hospital,ED4,test
ED4/5/241.png,4,5,hospital,ED4,test
ED4/5/242.png,4,5,hospital,ED4,test
ED4/5/243.png,4,5,hospital,ED4,test
ED4/5/244.png,4,5,hospital,ED4,test
ED4/5/245.png,4,5,hospital,ED4,test
ED4/5/246.png,4,5,hospital,ED4,test
ED4/5/247.png,4,5,hospital,ED4,test
ED4/5/248.png,4,5,hospital,ED4,test
ED4/5/249.png,4,5,hospital,ED4,test
ED4/5/25.png,4,5,hospital,ED4,test
ED4/5/250.png,4,5,hospital,ED4,test
ED4/5/251.png,4,5,hospital,ED4,test
ED4/5/252.png,4,5,hospital,ED4,test
ED4/5/253.png,4,5,hospital,ED4,test
ED4/5/254.png,4,5,hospital,ED4,test
ED4/5/255.png,4,5,hospital,ED4,test
ED4/5/256.png,4,5,hospital,ED4,test
ED4/5/257.png,4,5,hospital,ED4,test
ED4/5/258.png,4,5,hospital,ED4,test
ED4/5/259.png,4,5,hospital,ED4,test
ED4/5/26.png,4,5,hospital,ED4,test
ED4/5/260.png,4,5,hospital,ED4,test
ED4/5/261.png,4,5,hospital,ED4,test
ED4/5/262.png,4,5,hospital,ED4,test
ED4/5/263.png,4,5,hospital,ED4,test
ED4/5/264.png,4,5,hospital,ED4,test
ED4/5/265.png,4,5,hospital,ED4,test
ED4/5/266.png,4,5,hospital,ED4,test
ED4/5/267.png,4,5,hospital,ED4,test
ED4/5/268.png,4,5,hospital,ED4,test
ED4/5/269.png,4,5,hospital,ED4,test
ED4/5/27.png,4,5,hospital,ED4,test
ED4/5/270.png,4,5,hospital,ED4,test
ED4/5/271.png,4,5,hospital,ED4,test
ED4/5/272.png,4,5,hospital,ED4,test
ED4/5/273.png,4,5,hospital,ED4,test
ED4/5/274.png,4,5,hospital,ED4,test
ED4/5/275.png,4,5,hospital,ED4,test
ED4/5/276.png,4,5,hospital,ED4,test
ED4/5/277.png,4,5,hospital,ED4,test
ED4/5/278.png,4,5,hospital,ED4,test
ED4/5/279.png,4,5,hospital,ED4,test
ED4/5/28.png,4,5,hospital,ED4,test
ED4/5/280.png,4,5,hospital,ED4,test
ED4/5/281.png,4,5,hospital,ED4,test
ED4/5/282.png,4,5,hospital,ED4,test
ED4/5/283.png,4,5,hospital,ED4,test
ED4/5/284.png,4,5,hospital,ED4,test
ED4/5/285.png,4,5,hospital,ED4,test
ED4/5/286.png,4,5,hospital,ED4,test
ED4/5/287.png,4,5,hospital,ED4,test
ED4/5/288.png,4,5,hospital,ED4,test
ED4/5/289.png,4,5,hospital,ED4,test
ED4/5/29.png,4,5,hospital,ED4,test
ED4/5/290.png,4,5,hospital,ED4,test
ED4/5/291.png,4,5,hospital,ED4,test
ED4/5/292.png,4,5,hospital,ED4,test
ED4/5/293.png,4,5,hospital,ED4,test
ED4/5/294.png,4,5,hospital,ED4,test
ED4/5/295.png,4,5,hospital,ED4,test
ED4/5/296.png,4,5,hospital,ED4,test
ED4/5/297.png,4,5,hospital,ED4,test
ED4/5/298.png,4,5,hospital,ED4,test
ED4/5/299.png,4,5,hospital,ED4,test
ED4/5/3.png,4,5,hospital,ED4,test
ED4/5/30.png,4,5,hospital,ED4,test
ED4/5/300.png,4,5,hospital,ED4,test
ED4/5/301.png,4,5,hospital,ED4,test
ED4/5/302.png,4,5,hospital,ED4,test
ED4/5/303.png,4,5,hospital,ED4,test
ED4/5/304.png,4,5,hospital,ED4,test
ED4/5/305.png,4,5,hospital,ED4,test
ED4/5/306.png,4,5,hospital,ED4,test
ED4/5/307.png,4,5,hospital,ED4,test
ED4/5/308.png,4,5,hospital,ED4,test
ED4/5/309.png,4,5,hospital,ED4,test
ED4/5/31.png,4,5,hospital,ED4,test
ED4/5/310.png,4,5,hospital,ED4,test
ED4/5/311.png,4,5,hospital,ED4,test
ED4/5/312.png,4,5,hospital,ED4,test
ED4/5/313.png,4,5,hospital,ED4,test
ED4/5/314.png,4,5,hospital,ED4,test
ED4/5/315.png,4,5,hospital,ED4,test
ED4/5/316.png,4,5,hospital,ED4,test
ED4/5/317.png,4,5,hospital,ED4,test
ED4/5/318.png,4,5,hospital,ED4,test
ED4/5/319.png,4,5,hospital,ED4,test
ED4/5/32.png,4,5,hospital,ED4,test
ED4/5/320.png,4,5,hospital,ED4,test
ED4/5/321.png,4,5,hospital,ED4,test
ED4/5/322.png,4,5,hospital,ED4,test
ED4/5/323.png,4,5,hospital,ED4,test
ED4/5/324.png,4,5,hospital,ED4,test
ED4/5/325.png,4,5,hospital,ED4,test
ED4/5/326.png,4,5,hospital,ED4,test
ED4/5/327.png,4,5,hospital,ED4,test
ED4/5/328.png,4,5,hospital,ED4,test
ED4/5/329.png,4,5,hospital,ED4,test
ED4/5/33.png,4,5,hospital,ED4,test
ED4/5/330.png,4,5,hospital,ED4,test
ED4/5/331.png,4,5,hospital,ED4,test
ED4/5/332.png,4,5,hospital,ED4,test
ED4/5/333.png,4,5,hospital,ED4,test
ED4/5/334.png,4,5,hospital,ED4,test
ED4/5/335.png,4,5,hospital,ED4,test
ED4/5/336.png,4,5,hospital,ED4,test
ED4/5/337.png,4,5,hospital,ED4,test
ED4/5/338.png,4,5,hospital,ED4,test
ED4/5/339.png,4,5,hospital,ED4,test
ED4/5/34.png,4,5,hospital,ED4,test
ED4/5/340.png,4,5,hospital,ED4,test
ED4/5/341.png,4,5,hospital,ED4,test
ED4/5/342.png,4,5,hospital,ED4,test
ED4/5/343.png,4,5,hospital,ED4,test
ED4/5/344.png,4,5,hospital,ED4,test
ED4/5/345.png,4,5,hospital,ED4,test
ED4/5/346.png,4,5,hospital,ED4,test
ED4/5/347.png,4,5,hospital,ED4,test
ED4/5/348.png,4,5,hospital,ED4,test
ED4/5/349.png,4,5,hospital,ED4,test
ED4/5/35.png,4,5,hospital,ED4,test
ED4/5/350.png,4,5,hospital,ED4,test
ED4/5/351.png,4,5,hospital,ED4,test
ED4/5/352.png,4,5,hospital,ED4,test
ED4/5/353.png,4,5,hospital,ED4,test
ED4/5/354.png,4,5,hospital,ED4,test
ED4/5/355.png,4,5,hospital,ED4,test
ED4/5/356.png,4,5,hospital,ED4,test
ED4/5/357.png,4,5,hospital,ED4,test
ED4/5/358.png,4,5,hospital,ED4,test
ED4/5/359.png,4,5,hospital,ED4,test
ED4/5/36.png,4,5,hospital,ED4,test
ED4/5/360.png,4,5,hospital,ED4,test
ED4/5/361.png,4,5,hospital,ED4,test
ED4/5/362.png,4,5,hospital,ED4,test
ED4/5/363.png,4,5,hospital,ED4,test
ED4/5/364.png,4,5,hospital,ED4,test
ED4/5/365.png,4,5,hospital,ED4,test
ED4/5/366.png,4,5,hospital,ED4,test
ED4/5/367.png,4,5,hospital,ED4,test
ED4/5/368.png,4,5,hospital,ED4,test
ED4/5/369.png,4,5,hospital,ED4,test
ED4/5/37.png,4,5,hospital,ED4,test
ED4/5/370.png,4,5,hospital,ED4,test
ED4/5/371.png,4,5,hospital,ED4,test
ED4/5/372.png,4,5,hospital,ED4,test
ED4/5/373.png,4,5,hospital,ED4,test
ED4/5/374.png,4,5,hospital,ED4,test
ED4/5/375.png,4,5,hospital,ED4,test
ED4/5/376.png,4,5,hospital,ED4,test
ED4/5/377.png,4,5,hospital,ED4,test
ED4/5/378.png,4,5,hospital,ED4,test
ED4/5/379.png,4,5,hospital,ED4,test
ED4/5/38.png,4,5,hospital,ED4,test
ED4/5/380.png,4,5,hospital,ED4,test
ED4/5/381.png,4,5,hospital,ED4,test
ED4/5/382.png,4,5,hospital,ED4,test
ED4/5/383.png,4,5,hospital,ED4,test
ED4/5/384.png,4,5,hospital,ED4,test
ED4/5/385.png,4,5,hospital,ED4,test
ED4/5/386.png,4,5,hospital,ED4,test
ED4/5/387.png,4,5,hospital,ED4,test
ED4/5/388.png,4,5,hospital,ED4,test
ED4/5/389.png,4,5,hospital,ED4,test
ED4/5/39.png,4,5,hospital,ED4,test
ED4/5/390.png,4,5,hospital,ED4,test
ED4/5/391.png,4,5,hospital,ED4,test
ED4/5/392.png,4,5,hospital,ED4,test
ED4/5/393.png,4,5,hospital,ED4,test
ED4/5/394.png,4,5,hospital,ED4,test
ED4/5/395.png,4,5,hospital,ED4,test
ED4/5/396.png,4,5,hospital,ED4,test
ED4/5/397.png,4,5,hospital,ED4,test
ED4/5/398.png,4,5,hospital,ED4,test
ED4/5/399.png,4,5,hospital,ED4,test
ED4/5/4.png,4,5,hospital,ED4,test
ED4/5/40.png,4,5,hospital,ED4,test
ED4/5/400.png,4,5,hospital,ED4,test
ED4/5/401.png,4,5,hospital,ED4,test
ED4/5/402.png,4,5,hospital,ED4,test
ED4/5/403.png,4,5,hospital,ED4,test
ED4/5/404.png,4,5,hospital,ED4,test
ED4/5/405.png,4,5,hospital,ED4,test
ED4/5/406.png,4,5,hospital,ED4,test
ED4/5/407.png,4,5,hospital,ED4,test
ED4/5/408.png,4,5,hospital,ED4,test
ED4/5/409.png,4,5,hospital,ED4,test
ED4/5/41.png,4,5,hospital,ED4,test
ED4/5/410.png,4,5,hospital,ED4,test
ED4/5/411.png,4,5,hospital,ED4,test
ED4/5/412.png,4,5,hospital,ED4,test
ED4/5/413.png,4,5,hospital,ED4,test
ED4/5/414.png,4,5,hospital,ED4,test
ED4/5/415.png,4,5,hospital,ED4,test
ED4/5/416.png,4,5,hospital,ED4,test
ED4/5/417.png,4,5,hospital,ED4,test
ED4/5/418.png,4,5,hospital,ED4,test
ED4/5/419.png,4,5,hospital,ED4,test
ED4/5/42.png,4,5,hospital,ED4,test
ED4/5/420.png,4,5,hospital,ED4,test
ED4/5/421.png,4,5,hospital,ED4,test
ED4/5/422.png,4,5,hospital,ED4,test
ED4/5/423.png,4,5,hospital,ED4,test
ED4/5/424.png,4,5,hospital,ED4,test
ED4/5/425.png,4,5,hospital,ED4,test
ED4/5/426.png,4,5,hospital,ED4,test
ED4/5/427.png,4,5,hospital,ED4,test
ED4/5/428.png,4,5,hospital,ED4,test
ED4/5/429.png,4,5,hospital,ED4,test
ED4/5/43.png,4,5,hospital,ED4,test
ED4/5/430.png,4,5,hospital,ED4,test
ED4/5/431.png,4,5,hospital,ED4,test
ED4/5/432.png,4,5,hospital,ED4,test
ED4/5/433.png,4,5,hospital,ED4,test
ED4/5/434.png,4,5,hospital,ED4,test
ED4/5/435.png,4,5,hospital,ED4,test
ED4/5/436.png,4,5,hospital,ED4,test
ED4/5/437.png,4,5,hospital,ED4,test
ED4/5/438.png,4,5,hospital,ED4,test
ED4/5/439.png,4,5,hospital,ED4,test
ED4/5/44.png,4,5,hospital,ED4,test
ED4/5/440.png,4,5,hospital,ED4,test
ED4/5/441.png,4,5,hospital,ED4,test
ED4/5/442.png,4,5,hospital,ED4,test
ED4/5/443.png,4,5,hospital,ED4,test
ED4/5/444.png,4,5,hospital,ED4,test
ED4/5/445.png,4,5,hospital,ED4,test
ED4/5/446.png,4,5,hospital,ED4,test
ED4/5/447.png,4,5,hospital,ED4,test
ED4/5/448.png,4,5,hospital,ED4,test
ED4/5/449.png,4,5,hospital,ED4,test
ED4/5/45.png,4,5,hospital,ED4,test
ED4/5/450.png,4,5,hospital,ED4,test
ED4/5/451.png,4,5,hospital,ED4,test
ED4/5/452.png,4,5,hospital,ED4,test
ED4/5/453.png,4,5,hospital,ED4,test
ED4/5/454.png,4,5,hospital,ED4,test
ED4/5/455.png,4,5,hospital,ED4,test
ED4/5/456.png,4,5,hospital,ED4,test
ED4/5/457.png,4,5,hospital,ED4,test
ED4/5/458.png,4,5,hospital,ED4,test
ED4/5/459.png,4,5,hospital,ED4,test
ED4/5/46.png,4,5,hospital,ED4,test
ED4/5/460.png,4,5,hospital,ED4,test
ED4/5/461.png,4,5,hospital,ED4,test
ED4/5/462.png,4,5,hospital,ED4,test
ED4/5/463.png,4,5,hospital,ED4,test
ED4/5/464.png,4,5,hospital,ED4,test
ED4/5/465.png,4,5,hospital,ED4,test
ED4/5/466.png,4,5,hospital,ED4,test
ED4/5/467.png,4,5,hospital,ED4,test
ED4/5/468.png,4,5,hospital,ED4,test
ED4/5/469.png,4,5,hospital,ED4,test
ED4/5/47.png,4,5,hospital,ED4,test
ED4/5/470.png,4,5,hospital,ED4,test
ED4/5/471.png,4,5,hospital,ED4,test
ED4/5/472.png,4,5,hospital,ED4,test
ED4/5/473.png,4,5,hospital,ED4,test
ED4/5/474.png,4,5,hospital,ED4,test
ED4/5/475.png,4,5,hospital,ED4,test
ED4/5/476.png,4,5,hospital,ED4,test
ED4/5/477.png,4,5,hospital,ED4,test
ED4/5/478.png,4,5,hospital,ED4,test
ED4/5/479.png,4,5,hospital,ED4,test
ED4/5/48.png,4,5,hospital,ED4,test
ED4/5/480.png,4,5,hospital,ED4,test
ED4/5/481.png,4,5,hospital,ED4,test
ED4/5/482.png,4,5,hospital,ED4,test
ED4/5/483.png,4,5,hospital,ED4,test
ED4/5/484.png,4,5,hospital,ED4,test
ED4/5/485.png,4,5,hospital,ED4,test
ED4/5/486.png,4,5,hospital,ED4,test
ED4/5/487.png,4,5,hospital,ED4,test
ED4/5/488.png,4,5,hospital,ED4,test
ED4/5/489.png,4,5,hospital,ED4,test
ED4/5/49.png,4,5,hospital,ED4,test
ED4/5/490.png,4,5,hospital,ED4,test
ED4/5/491.png,4,5,hospital,ED4,test
ED4/5/492.png,4,5,hospital,ED4,test
ED4/5/493.png,4,5,hospital,ED4,test
ED4/5/494.png,4,5,hospital,ED4,test
ED4/5/495.png,4,5,hospital,ED4,test
ED4/5/496.png,4,5,hospital,ED4,test
ED4/5/497.png,4,5,hospital,ED4,test
ED4/5/498.png,4,5,hospital,ED4,test
ED4/5/499.png,4,5,hospital,ED4,test
ED4/5/5.png,4,5,hospital,ED4,test
ED4/5/50.png,4,5,hospital,ED4,test
ED4/5/500.png,4,5,hospital,ED4,test
ED4/5/501.png,4,5,hospital,ED4,test
ED4/5/502.png,4,5,hospital,ED4,test
ED4/5/503.png,4,5,hospital,ED4,test
ED4/5/504.png,4,5,hospital,ED4,test
ED4/5/505.png,4,5,hospital,ED4,test
ED4/5/506.png,4,5,hospital,ED4,test
ED4/5/507.png,4,5,hospital,ED4,test
ED4/5/508.png,4,5,hospital,ED4,test
ED4/5/509.png,4,5,hospital,ED4,test
ED4/5/51.png,4,5,hospital,ED4,test
ED4/5/510.png,4,5,hospital,ED4,test
ED4/5/511.png,4,5,hospital,ED4,test
ED4/5/512.png,4,5,hospital,ED4,test
ED4/5/513.png,4,5,hospital,ED4,test
ED4/5/514.png,4,5,hospital,ED4,test
ED4/5/515.png,4,5,hospital,ED4,test
ED4/5/516.png,4,5,hospital,ED4,test
ED4/5/517.png,4,5,hospital,ED4,test
ED4/5/518.png,4,5,hospital,ED4,test
ED4/5/519.png,4,5,hospital,ED4,test
ED4/5/52.png,4,5,hospital,ED4,test
ED4/5/520.png,4,5,hospital,ED4,test
ED4/5/521.png,4,5,hospital,ED4,test
ED4/5/522.png,4,5,hospital,ED4,test
ED4/5/523.png,4,5,hospital,ED4,test
ED4/5/524.png,4,5,hospital,ED4,test
ED4/5/525.png,4,5,hospital,ED4,test
ED4/5/526.png,4,5,hospital,ED4,test
ED4/5/527.png,4,5,hospital,ED4,test
ED4/5/528.png,4,5,hospital,ED4,test
ED4/5/529.png,4,5,hospital,ED4,test
ED4/5/53.png,4,5,hospital,ED4,test
ED4/5/530.png,4,5,hospital,ED4,test
ED4/5/531.png,4,5,hospital,ED4,test
ED4/5/532.png,4,5,hospital,ED4,test
ED4/5/533.png,4,5,hospital,ED4,test
ED4/5/534.png,4,5,hospital,ED4,test
ED4/5/535.png,4,5,hospital,ED4,test
ED4/5/536.png,4,5,hospital,ED4,test
ED4/5/537.png,4,5,hospital,ED4,test
ED4/5/538.png,4,5,hospital,ED4,test
ED4/5/539.png,4,5,hospital,ED4,test
ED4/5/54.png,4,5,hospital,ED4,test
ED4/5/540.png,4,5,hospital,ED4,test
ED4/5/541.png,4,5,hospital,ED4,test
ED4/5/542.png,4,5,hospital,ED4,test
ED4/5/543.png,4,5,hospital,ED4,test
ED4/5/544.png,4,5,hospital,ED4,test
ED4/5/545.png,4,5,hospital,ED4,test
ED4/5/546.png,4,5,hospital,ED4,test
ED4/5/547.png,4,5,hospital,ED4,test
ED4/5/548.png,4,5,hospital,ED4,test
ED4/5/549.png,4,5,hospital,ED4,test
ED4/5/55.png,4,5,hospital,ED4,test
ED4/5/550.png,4,5,hospital,ED4,test
ED4/5/551.png,4,5,hospital,ED4,test
ED4/5/552.png,4,5,hospital,ED4,test
ED4/5/553.png,4,5,hospital,ED4,test
ED4/5/554.png,4,5,hospital,ED4,test
ED4/5/555.png,4,5,hospital,ED4,test
ED4/5/556.png,4,5,hospital,ED4,test
ED4/5/557.png,4,5,hospital,ED4,test
ED4/5/558.png,4,5,hospital,ED4,test
ED4/5/559.png,4,5,hospital,ED4,test
ED4/5/56.png,4,5,hospital,ED4,test
ED4/5/560.png,4,5,hospital,ED4,test
ED4/5/561.png,4,5,hospital,ED4,test
ED4/5/562.png,4,5,hospital,ED4,test
ED4/5/563.png,4,5,hospital,ED4,test
ED4/5/564.png,4,5,hospital,ED4,test
ED4/5/565.png,4,5,hospital,ED4,test
ED4/5/566.png,4,5,hospital,ED4,test
ED4/5/567.png,4,5,hospital,ED4,test
ED4/5/568.png,4,5,hospital,ED4,test
ED4/5/569.png,4,5,hospital,ED4,test
ED4/5/57.png,4,5,hospital,ED4,test
ED4/5/570.png,4,5,hospital,ED4,test
ED4/5/571.png,4,5,hospital,ED4,test
ED4/5/572.png,4,5,hospital,ED4,test
ED4/5/573.png,4,5,hospital,ED4,test
ED4/5/574.png,4,5,hospital,ED4,test
ED4/5/575.png,4,5,hospital,ED4,test
ED4/5/576.png,4,5,hospital,ED4,test
ED4/5/577.png,4,5,hospital,ED4,test
ED4/5/578.png,4,5,hospital,ED4,test
ED4/5/579.png,4,5,hospital,ED4,test
ED4/5/58.png,4,5,hospital,ED4,test
ED4/5/580.png,4,5,hospital,ED4,test
ED4/5/581.png,4,5,hospital,ED4,test
ED4/5/582.png,4,5,hospital,ED4,test
ED4/5/583.png,4,5,hospital,ED4,test
ED4/5/584.png,4,5,hospital,ED4,test
ED4/5/585.png,4,5,hospital,ED4,test
ED4/5/586.png,4,5,hospital,ED4,test
ED4/5/587.png,4,5,hospital,ED4,test
ED4/5/588.png,4,5,hospital,ED4,test
ED4/5/589.png,4,5,hospital,ED4,test
ED4/5/59.png,4,5,hospital,ED4,test
ED4/5/590.png,4,5,hospital,ED4,test
ED4/5/591.png,4,5,hospital,ED4,test
ED4/5/592.png,4,5,hospital,ED4,test
ED4/5/593.png,4,5,hospital,ED4,test
ED4/5/594.png,4,5,hospital,ED4,test
ED4/5/595.png,4,5,hospital,ED4,test
ED4/5/596.png,4,5,hospital,ED4,test
ED4/5/597.png,4,5,hospital,ED4,test
ED4/5/598.png,4,5,hospital,ED4,test
ED4/5/599.png,4,5,hospital,ED4,test
ED4/5/6.png,4,5,hospital,ED4,test
ED4/5/60.png,4,5,hospital,ED4,test
ED4/5/600.png,4,5,hospital,ED4,test
ED4/5/601.png,4,5,hospital,ED4,test
ED4/5/602.png,4,5,hospital,ED4,test
ED4/5/603.png,4,5,hospital,ED4,test
ED4/5/604.png,4,5,hospital,ED4,test
ED4/5/605.png,4,5,hospital,ED4,test
ED4/5/606.png,4,5,hospital,ED4,test
ED4/5/607.png,4,5,hospital,ED4,test
ED4/5/608.png,4,5,hospital,ED4,test
ED4/5/609.png,4,5,hospital,ED4,test
ED4/5/61.png,4,5,hospital,ED4,test
ED4/5/610.png,4,5,hospital,ED4,test
ED4/5/611.png,4,5,hospital,ED4,test
ED4/5/612.png,4,5,hospital,ED4,test
ED4/5/613.png,4,5,hospital,ED4,test
ED4/5/614.png,4,5,hospital,ED4,test
ED4/5/615.png,4,5,hospital,ED4,test
ED4/5/616.png,4,5,hospital,ED4,test
ED4/5/617.png,4,5,hospital,ED4,test
ED4/5/618.png,4,5,hospital,ED4,test
ED4/5/619.png,4,5,hospital,ED4,test
ED4/5/62.png,4,5,hospital,ED4,test
ED4/5/620.png,4,5,hospital,ED4,test
ED4/5/621.png,4,5,hospital,ED4,test
ED4/5/622.png,4,5,hospital,ED4,test
ED4/5/623.png,4,5,hospital,ED4,test
ED4/5/624.png,4,5,hospital,ED4,test
ED4/5/625.png,4,5,hospital,ED4,test
ED4/5/626.png,4,5,hospital,ED4,test
ED4/5/627.png,4,5,hospital,ED4,test
ED4/5/628.png,4,5,hospital,ED4,test
ED4/5/629.png,4,5,hospital,ED4,test
ED4/5/63.png,4,5,hospital,ED4,test
ED4/5/630.png,4,5,hospital,ED4,test
ED4/5/631.png,4,5,hospital,ED4,test
ED4/5/632.png,4,5,hospital,ED4,test
ED4/5/633.png,4,5,hospital,ED4,test
ED4/5/634.png,4,5,hospital,ED4,test
ED4/5/635.png,4,5,hospital,ED4,test
ED4/5/636.png,4,5,hospital,ED4,test
ED4/5/637.png,4,5,hospital,ED4,test
ED4/5/638.png,4,5,hospital,ED4,test
ED4/5/639.png,4,5,hospital,ED4,test
ED4/5/64.png,4,5,hospital,ED4,test
ED4/5/640.png,4,5,hospital,ED4,test
ED4/5/641.png,4,5,hospital,ED4,test
ED4/5/642.png,4,5,hospital,ED4,test
ED4/5/643.png,4,5,hospital,ED4,test
ED4/5/644.png,4,5,hospital,ED4,test
ED4/5/645.png,4,5,hospital,ED4,test
ED4/5/646.png,4,5,hospital,ED4,test
ED4/5/647.png,4,5,hospital,ED4,test
ED4/5/648.png,4,5,hospital,ED4,test
ED4/5/649.png,4,5,hospital,ED4,test
ED4/5/65.png,4,5,hospital,ED4,test
ED4/5/650.png,4,5,hospital,ED4,test
ED4/5/651.png,4,5,hospital,ED4,test
ED4/5/652.png,4,5,hospital,ED4,test
ED4/5/653.png,4,5,hospital,ED4,test
ED4/5/654.png,4,5,hospital,ED4,test
ED4/5/655.png,4,5,hospital,ED4,test
ED4/5/656.png,4,5,hospital,ED4,test
ED4/5/657.png,4,5,hospital,ED4,test
ED4/5/658.png,4,5,hospital,ED4,test
ED4/5/659.png,4,5,hospital,ED4,test
ED4/5/66.png,4,5,hospital,ED4,test
ED4/5/660.png,4,5,hospital,ED4,test
ED4/5/661.png,4,5,hospital,ED4,test
ED4/5/662.png,4,5,hospital,ED4,test
ED4/5/663.png,4,5,hospital,ED4,test
ED4/5/664.png,4,5,hospital,ED4,test
ED4/5/665.png,4,5,hospital,ED4,test
ED4/5/666.png,4,5,hospital,ED4,test
ED4/5/667.png,4,5,hospital,ED4,test
ED4/5/668.png,4,5,hospital,ED4,test
ED4/5/669.png,4,5,hospital,ED4,test
ED4/5/67.png,4,5,hospital,ED4,test
ED4/5/670.png,4,5,hospital,ED4,test
ED4/5/671.png,4,5,hospital,ED4,test
ED4/5/672.png,4,5,hospital,ED4,test
ED4/5/673.png,4,5,hospital,ED4,test
ED4/5/674.png,4,5,hospital,ED4,test
ED4/5/675.png,4,5,hospital,ED4,test
ED4/5/676.png,4,5,hospital,ED4,test
ED4/5/677.png,4,5,hospital,ED4,test
ED4/5/678.png,4,5,hospital,ED4,test
ED4/5/679.png,4,5,hospital,ED4,test
ED4/5/68.png,4,5,hospital,ED4,test
ED4/5/680.png,4,5,hospital,ED4,test
ED4/5/681.png,4,5,hospital,ED4,test
ED4/5/682.png,4,5,hospital,ED4,test
ED4/5/683.png,4,5,hospital,ED4,test
ED4/5/684.png,4,5,hospital,ED4,test
ED4/5/685.png,4,5,hospital,ED4,test
ED4/5/686.png,4,5,hospital,ED4,test
ED4/5/687.png,4,5,hospital,ED4,test
ED4/5/688.png,4,5,hospital,ED4,test
ED4/5/689.png,4,5,hospital,ED4,test
ED4/5/69.png,4,5,hospital,ED4,test
ED4/5/690.png,4,5,hospital,ED4,test
ED4/5/691.png,4,5,hospital,ED4,test
ED4/5/692.png,4,5,hospital,ED4,test
ED4/5/693.png,4,5,hospital,ED4,test
ED4/5/694.png,4,5,hospital,ED4,test
ED4/5/695.png,4,5,hospital,ED4,test
ED4/5/696.png,4,5,hospital,ED4,test
ED4/5/697.png,4,5,hospital,ED4,test
ED4/5/698.png,4,5,hospital,ED4,test
ED4/5/699.png,4,5,hospital,ED4,test
ED4/5/7.png,4,5,hospital,ED4,test
ED4/5/70.png,4,5,hospital,ED4,test
ED4/5/700.png,4,5,hospital,ED4,test
ED4/5/701.png,4,5,hospital,ED4,test
ED4/5/702.png,4,5,hospital,ED4,test
ED4/5/703.png,4,5,hospital,ED4,test
ED4/5/704.png,4,5,hospital,ED4,test
ED4/5/705.png,4,5,hospital,ED4,test
ED4/5/706.png,4,5,hospital,ED4,test
ED4/5/707.png,4,5,hospital,ED4,test
ED4/5/708.png,4,5,hospital,ED4,test
ED4/5/709.png,4,5,hospital,ED4,test
ED4/5/71.png,4,5,hospital,ED4,test
ED4/5/710.png,4,5,hospital,ED4,test
ED4/5/711.png,4,5,hospital,ED4,test
ED4/5/712.png,4,5,hospital,ED4,test
ED4/5/713.png,4,5,hospital,ED4,test
ED4/5/714.png,4,5,hospital,ED4,test
ED4/5/715.png,4,5,hospital,ED4,test
ED4/5/716.png,4,5,hospital,ED4,test
ED4/5/72.png,4,5,hospital,ED4,test
ED4/5/73.png,4,5,hospital,ED4,test
ED4/5/74.png,4,5,hospital,ED4,test
ED4/5/75.png,4,5,hospital,ED4,test
ED4/5/76.png,4,5,hospital,ED4,test
ED4/5/77.png,4,5,hospital,ED4,test
ED4/5/78.png,4,5,hospital,ED4,test
ED4/5/79.png,4,5,hospital,ED4,test
ED4/5/8.png,4,5,hospital,ED4,test
ED4/5/80.png,4,5,hospital,ED4,test
ED4/5/81.png,4,5,hospital,ED4,test
ED4/5/82.png,4,5,hospital,ED4,test
ED4/5/83.png,4,5,hospital,ED4,test
ED4/5/84.png,4,5,hospital,ED4,test
ED4/5/85.png,4,5,hospital,ED4,test
ED4/5/86.png,4,5,hospital,ED4,test
ED4/5/87.png,4,5,hospital,ED4,test
ED4/5/88.png,4,5,hospital,ED4,test
ED4/5/89.png,4,5,hospital,ED4,test
ED4/5/9.png,4,5,hospital,ED4,test
ED4/5/90.png,4,5,hospital,ED4,test
ED4/5/91.png,4,5,hospital,ED4,test
ED4/5/92.png,4,5,hospital,ED4,test
ED4/5/93.png,4,5,hospital,ED4,test
ED4/5/94.png,4,5,hospital,ED4,test
ED4/5/95.png,4,5,hospital,ED4,test
ED4/5/96.png,4,5,hospital,ED4,test
ED4/5/97.png,4,5,hospital,ED4,test
ED4/5/98.png,4,5,hospital,ED4,test
ED4/5/99.png,4,5,hospital,ED4,test
